Primeiro dia com a @Vivoemrede. Como √© bom o mundo longe da @NETatende,POSITIVE
"@Vivoemrede Vou trocar de apartamento e iria contratar 100 mega, mas vai acontecer o mesmo problema. Estou a 2 anos assim j√°. Chega ü§¶",NEGATIVE
"Psiu, @Vivoemrede, queremos Vivo Fibra no pr√©dio, mas dizem que s√≥ pode ter Net, procede? J√° tem fibra instalada... Ibirapuera, SP ;) Ajuda?",NEGATIVE
"@ClaroBrasil para de mandar #span SMS, t√° chato, muito chato, muito chato meeeeesss üò°üò°üò°üò°üò°",NEGATIVE
@LinoBarros_ Se tiver os protocolos vamos anexar no processo que abri na @Vivoemrede rsrsrs,NEGATIVE
@ClaroBrasil Melhora a internet @ClaroBrasil para de reduzir em 2G e 4G #ParaDeRedozirInternet,NEGATIVE
15 minutos na espera pra ser atendido na central da @Vivoemrede,NEGATIVE
@Vivoemrede Enviada.,POSITIVE
@Vivoemrede At√© por Twitter o atendimento √© eletr√¥nico kkkkk e Brasil!,NEGATIVE
"@Vivoemrede Minha latencia em jogos simplesmente esta horrivel, voc√™s poderiam me ajudar? pqp",NEGATIVE
"@DerekOliveiraS @Vivoemrede N√£o √© s√≥ com vc amigo, aqui esta ruim tamb√©m.",NEGATIVE
"@ClaroBrasil J√° enviei,recebi a liga√ß√£o de uma mulher super mal educada.que s√≥ sabia falar falar que minha linha havia sido cancelada",POSITIVE
"@Vivoemrede Hihi ‚ù§‚ù§,nunca me abandone meu amor",POSITIVE
@ClaroBrasil E nada poderia ser feito,NEGATIVE
J√° faz uns dias que a internet da @Vivoemrede parece internet discada. Tem que esperar ficar tarde pra parar de cair üôÑ,NEGATIVE
@Vivoemrede Oferece ajuda e some do nada. Como assim?,NEGATIVE
"@Vivoemrede Obrigado, mas j√° tomei uma decis√£o, n√£o aguento mais esse problema, dois anos j√°. Devem estar de sacanagem.",NEGATIVE
"Como eu queria uma internet dessas em casa, al√¥ @Vivoemrede  me ajuda a√≠, disponibiliza uma internet dessas pra min‚Ä¶ https://t.co/DCHHCmBux1",POSITIVE
ate q eu gostei... 3gb de net ‚ô•(pra quem tinha plano infinity 300 MB n√©... https://t.co/gLEDNFRfX8,POSITIVE
@Vivoemrede Valeu! Respondi,POSITIVE
"@Vivoemrede Ainda bem,te amo üíúüíú",POSITIVE
@carvalhocleberb @ReclameAQUI @Vivoemrede  A conta vem 100% n√©!!!! Cad√™ meu 4G?!?!?!,NEGATIVE
@clarobrasil q lixo q fica sem sinal td hora,NEGATIVE
@LucasRTito @Vivoemrede 15 minutos da pior bossa nova que algu√©m pode ser obrigado √° ouvir,NEGATIVE
@weullers @Vivoemrede Verdade! Hahahahahha,POSITIVE
@Vivoemrede Agrade√ßo a aten√ß√£o por aqui mas j√° marquei a visita de um t√©cnico üëçüèº,NEGATIVE
"RT @Th0mTh0m: N√£o foi a nossa Tag ainda, mas c o #SEXTOU a galera do #BetaQuerLab conseguiu chegar nos destaques do TOP TRENDS do‚Ä¶ ",POSITIVE
"@ClaroBrasil n√£o t√¥ afim, vcs rouba muito!!üò°üò°üò°",NEGATIVE
@Vivoemrede Pode me confirmar altera√ß√£o?,NEGATIVE
@Vivoemrede Mandei,POSITIVE
"@picoca @Vivoemrede Cara odeio quando tu fala steamar=trabalhar, soa como tu fizesse isso por obriga√ß√£o",NEGATIVE
Eu to indignada!!!!!!!!!!!!! Eu que sempre elogiei a @Vivoemrede agora t√¥ pagando com a l√≠ngua!!! Raivaaaaaaa,NEGATIVE
"RT @Th0mTh0m: N√£o foi a nossa Tag ainda, mas c o #SEXTOU a galera do #BetaQuerLab conseguiu chegar nos destaques do TOP TRENDS do‚Ä¶ ",POSITIVE
@MarcosA79443307 @TIMBrasil üòÇüòÇüòÇüòÇüòÇ,POSITIVE
Estressada com a @Vivoemrede como nunca antes,NEGATIVE
chega essas horas e minha internet para de funcionar üòÇüëåüîù @vivoemrede,NEGATIVE
"Al√¥ @Vivoemrede, se meu n√∫mero n√£o for Vivo, ent√£o eu juro que eu n√£o sei qual √© minha operadora. https://t.co/HYQoMCN3Xm",NEGATIVE
"Liguei pra @TIMBrasil, o atendente n√£o queria atender, fez grosseiria, me mandou dormir e largou o telefone ligado h√° uns 15min. T√¥ puto üò†",NEGATIVE
@TIMBrasil E ainda se negou a passar protocolo. Essa @TIMBrasil est√° exercitando a paci√™ncia,NEGATIVE
"@Vivoemrede oi! preciso acessar meu cadastro no Meu Vivo pelo pc, mas apare√ßo como n√£o cadastrada (uso o servi√ßo h√° anos). como proceder?",POSITIVE
@Vivoemrede Ontem reclamei que eles tiraram da grade o canal TNT a√≠ eles foram e tiraram o sinal da TV desde ontem n√£o pega !!! Qualidade 0,NEGATIVE
"@rodterra @jotaerreduran @ClaroBrasil N√ÉO TOMARAM CONHECIMENTO, ALI√ÅS, OS CALL CENTER QUE EXISTE POR AI √â MOVIDO A‚Ä¶ https://t.co/YTQah14mDn",NEGATIVE
A @ClaroBrasil cortou minha linha do nada,NEGATIVE
@Vivoemrede eu t√¥ tentando entrar no site da vivo e n√£o consigo! N√£o recupera senha e n√£o reconhece o CPF do meu marido. J√° somos clientes!!,NEGATIVE
@Vivoemrede t√° com algum problema?! T√° foda. üòûüòíüòíüòíüòí,NEGATIVE
@ClaroBrasil To boladao c vcs,NEGATIVE
AMEEEEM @TIMBrasil MEU DEEZER VOLTOOOU *....*,POSITIVE
@ClaroBrasil fui tr√™s operador p√≥s e controle e Internet fixa da Oi pouca velocidade em ambas e claro hj tenho claro m√≥veis net fixo mega vl,POSITIVE
"@Vivoemrede servi√ßo lixo, n√£o consigo acessar o meu vivo e nem recuperar minha senha, diz que meu numero nem vivo m√≥vel √©.",NEGATIVE
@ClaroBrasil Acabei de enviar os dados solicitados por DM @ClaroBrasil,POSITIVE
@ClaroBrasil sou claro/net total tenho muita velocidade e falo a vontade pagando menos claro parab√©ns,POSITIVE
"@silvioluiz @ClaroBrasil AJUDA O CARA, PORRA",NEGATIVE
"@Vivoemrede meus caros amigos da vivo, eu liguei para voc√™s, fui na loja e at√© agora ningu√©m resolveu meu problema e estou bastante puto üôÇ",NEGATIVE
"@ClaroBrasil Aguardo retorno, pfv !!!!üôèüôè",POSITIVE
@Vivoemrede j√° mandei DM meus caros colegas.,POSITIVE
@Vivoemrede estou sem Internet e TV a 12 Horas e n√£o consigo marcar um atendimento via telefone. O que fa√ßo?,POSITIVE
"RT @Elder_Neves: Agora SIM, OFICIAL #TIMBETA @TIMBrasil üëçüèø",POSITIVE
RT @FoxSports_br: ‚ö´Ô∏è‚ö™Ô∏è‚≠êÔ∏è FOG√ÉO EM PAUTA! @_fabioazevedo traz infos sobre o pr√≥ximo jogo do Botafogo na #LibertadoresFOXSports no Giro‚Ä¶ ,POSITIVE
@Vivoemrede Aguardo a resposta,POSITIVE
@Vivoemrede @vixijones Eu percebi isso a√≠ mesmo. Acho que a Vivo n√£o gosta mais de Cascavel. 4G n√£o vejo faz tempo.,NEGATIVE
RT @TIMBrasil: O @mumuzinho criou uma playlist no TIMmusic by Deezer com as m√∫sicas que a vida dele pede. D√™ o play! #TIMmusic‚Ä¶ ,POSITIVE
"@ClaroBrasil Ent√£o, eu ligo minha internet e mesmo s√≥ com o Twitter e whats ativado. Minha internet acaba muito r√°p‚Ä¶ https://t.co/zu08lUUNuf",NEGATIVE
"@Vivoemrede N√£o, foi mal ai, tentei por dois anos j√°. Deu para mim.",NEGATIVE
RT @TIMBrasil: Venha come√ßar sua hist√≥ria de sucesso e evoluir com a TIM. Participe do nosso Programa de Est√°gio 2017‚Ä¶ ,POSITIVE
RT @TIMBrasil: Venha come√ßar sua hist√≥ria de sucesso e evoluir com a TIM. Participe do nosso Programa de Est√°gio 2017 da TIM.‚Ä¶ ,POSITIVE
devolve a minha internet @TIMBrasil lixo de internet,NEGATIVE
"quero usar icon do pk mas minha internet t√° um lixo, t√° feliz? @TIMBrasil",NEGATIVE
@Vivoemrede suporte r√°pido e eficiente obrigado pelo apoio via TT.,POSITIVE
@ClaroBrasil J√° resolvi o meu problema. S√≥ quero deixar a obs para melhorarem a aten√ß√£o dos funcion√°rios na emiss√£o de faturas. +,POSITIVE
@ClaroBrasil Mudei de plano recentemente e o atendente errou a mudan√ßa e meu plano foi pra um pre√ßo absurdo +,NEGATIVE
@ClaroBrasil Dps que consegui ajustar vcs me cobraram uma multa de 230 reais sendo q a culpa foi do atendente. L√° s‚Ä¶ https://t.co/M8BZnGUUBM,NEGATIVE
@ClaroBrasil E essa quest√£o de ter um problema que n√£o foi causado por voc√™ e ter que esperar at√© 5 dias √∫teis √© frustrante...,NEGATIVE
@ClaroBrasil J√° que prejudica o cliente e raramente vcs entram msm em contato,NEGATIVE
"@ClaroBrasil Al√©m disso, alguns funcion√°rios s√£o despreparados e nos tratam com mal humor por n√£o entender oq precisamos.",NEGATIVE
"@ClaroBrasil No mais, vcs s√£o uma √≥tima operadora e sou usu√°ria h√° anos; por√©m o atendimento de vcs deixa mt a desejar!",POSITIVE
Eu vou processar a @Vivoemrede que falta de respeito comigo!,NEGATIVE
"Nunca passei por isso na @TIMBrasil vou largar a @Vivoemrede √© voltar para a Tim, l√° √© meu lugar!!",NEGATIVE
"A @TIMBrasil com esse plano e eu em chamada ESPERANDO A @Vivoemrede me atender, isso √© muita falta de respeito da v‚Ä¶ https://t.co/JWf6fAerIR",NEGATIVE
@TIMBrasil @Mumuzinho Melhor app do momento!!!,POSITIVE
@Vivoemrede Estou esperando um de seus funcion√°rios me atenderem. J√° faz sete minutos!,NEGATIVE
@Vivoemrede N√£o confio na internet. S√≥ no App meu vivo que est√° com um ser√≠ssimo problema!,NEGATIVE
"Nesse momento apaixonada pelo atendimento da @TIMBrasil via tel.
@digaoi aprenda, amiga, e resolva como a TIM resolve e na mesma velocidade",POSITIVE
"@Vivoemrede vc √© bipolar n√©, nega?",NEGATIVE
@TIMBrasil porque o timbeta ainda n√£o tem minutos ilimitados pra qualquer operadora? N√£o era pra sermos os primeiros? #chateado #TIMbeta,NEGATIVE
"EU FIQUEI QUINZE MINUTOS ESPERANDO PARA FALAR COM A @Vivoemrede PARA O ATENDENTE N√ÉO ME OUVIR FALAR. MANO, VAI TOMAR NO CU!
PROCON AMANH√É!!",NEGATIVE
"@Vivoemrede dif√≠cil Troca a dar do meu pagamento , tanto via App como via Telefone, *8486 , imposs√≠vel de resolver minha Solicita√ß√£o.",NEGATIVE
Meu namorado ficou triste porque eu vou sair da @Vivoemrede. Tadinho! https://t.co/bDMbwaWDkT,NEGATIVE
"@Vivoemrede Eu gasto rios de dinheiro na Tim, mas n√£o fico na vivo!",NEGATIVE
A @NETatende @ClaroBrasil √± ativou meu chip desde domingo retrasado. √ë sabem onde est√° meu n√∫mero. √ë sabem quando a portabilidade ocorre.,NEGATIVE
"@Vivoemrede o aplicativo e o site da vivo √© o pior, sem falar do *8486",NEGATIVE
"A @NETatende @ClaroBrasil √± liberam a linha tempor√°ria nos 70 minutos prometidos. Ao ligar, alegam q o sistema deles para de madrugada.",NEGATIVE
"A @NETatende @ClaroBrasil possuem um atendimento telef√¥nico fict√≠cio 24h, j√° q de madrugada eles n√£o podem resolver nada.",NEGATIVE
"A @NETatende e a @ClaroBrasil respondem de evasiva os tweets e DM's como ""entraremos em contato"". Como v√£o entrar se n√£o ativam meu chip?",NEGATIVE
@Vivoemrede J√° enviei via D.M.,POSITIVE
"A @NETatende @ClaroBrasil possuem atendentendes q passam protocolos errados, nomes gen√©ricos pra dificultar a solu√ß√£o do prob q se arrasta.",NEGATIVE
A @NETatende @ClaroBrasil ainda enviou a fatura como se nada tivesse acontecido e tudo estivesse funcionando em sua plenitude.,NEGATIVE
@matpele5 @Fepolho @Thuglife020203 @Galacxymizando @thallux @Vivoemrede ainda n√£o aceito,NEGATIVE
A @NETatende e a @ClaroBrasil cobraram tamb√©m uma visita t√©cnica q n√£o existiu (por culpa do t√©cnico q √± apareceu duas vezes consecutivas),NEGATIVE
A @NETatende @ClaroBrasil s√£o incapazes de ativar um combo multi desde 12/07 com portabilidade de celular j√° sendo client Net. UM M√äS.,NEGATIVE
Eu vou acordar cedo pra trabalhar e com certeza a linha tempor√°rio prometida pela @NETatende @ClaroBrasil √± estar√° dispon√≠vel.,NEGATIVE
"Ser√° mais um dia sem celular, gra√ßas a @NETatende @ClaroBrasil, q n√£o finalizam minha portabilidade e j√° inutilizaram meu chip da TIM.",NEGATIVE
"Ou seja, a @NETatende e a @ClaroBrasil me deixaram incomunic√°vel, ap√≥s uma odisseia pra q esse chip chegasse.",NEGATIVE
"E vcs querem apostar quanto que, CASO ATIVEM ESSA CONTA, a @NETatende e a @ClaroBrasil v√£o disponibilizar o pacote completamente errado?",NEGATIVE
"@Vivoemrede J√° enviei. 
Caiu a linha a atendente n√£o me retornou .
 14 998740804 Vivo M√≥vel.",NEGATIVE
"E isso pq a @NETatende e @ClaroBrasil est√£o me prendendo por um ano de fidelidade, hein? Mas a eu vou cancelar td e pagar a multa com gosto.",NEGATIVE
"Fujam desse Combo Multi da @NETatende @ClaroBrasil. √â terr√≠vel, horr√≠vel, minha pior experi√™ncia da vida como consumidor. √â assustador.",NEGATIVE
"A @TIMBrasil √© uma merda mesmo ein, ate pra fazer agendamento pelo site, pra retirada do aparelho da minha resid√™ncia, ta bugando.. PQP",NEGATIVE
@Vivoemrede s√≥ queria resolver meu problema.,NEGATIVE
@nagimaeda @Fepolho @Thuglife020203 @Galacxymizando @thallux @Vivoemrede Vai dormiir,NEGATIVE
RT @mauriciojau: @Vivoemrede s√≥ queria resolver meu problema.,NEGATIVE
@TIMBrasil  Pode me ajudar?,POSITIVE
"E agora TIM Beta? Porto Seguro lan√ßa planos com liga√ß√µes ilimitadas e franquia de at√© 40 GB https://t.co/ZbFPawKyQT
@TIMBrasil @Milton_F_A",POSITIVE
you know üíã https://t.co/PTZdlyADd4,POSITIVE
"A√≠ voc√™ todo dia reclama que esse modem da @Vivoemrede n√£o presta e eles d√£o um reset e ""est√° resolvido"", mas todo‚Ä¶ https://t.co/LfWLThUONX",NEGATIVE
@blogvaimengao @ClaroBrasil Deu certo?,POSITIVE
"@leohaguiar @Vivoemrede Eu vivo disso, pago minhas contas com isso. Obviamente se ningu√©m recebesse, a quantidade d‚Ä¶ https://t.co/ZMXodwcrC4",NEGATIVE
"Enquanto isso no facebook, eu fa√ßo propaganda gr√°tis do #timBETA @TIMBrasil ME NOTA! Meus amigos precisam de convit‚Ä¶ https://t.co/gVr6ARzRmN",POSITIVE
"@leohaguiar @Vivoemrede Eu falo trabalhar pras pessoas levarem a s√©rio, muita gente acha que √© brincadeira e √© s√≥ l‚Ä¶ https://t.co/rWotLe6MMX",NEGATIVE
RT @Jefferson10SDV: @cmariapcarla @rafa_timbetabsb @TIMBrasil Ent√£o!!,POSITIVE
RT @cmariapcarla: @Jefferson10SDV @rafa_timbetabsb @TIMBrasil N√£o √©????,POSITIVE
"RT @Jefferson10SDV: Depois de ter ca√≠do no sono profundo, esperando o @TIMBrasil acordar o esperado Pinterest para somar os pontos. 

R‚Ä¶ ",NEGATIVE
@Vivoemrede S√≥ parem de me ligar 24 horas n√£o aguento mais,NEGATIVE
Essa porra de @Vivoemrede sempre caindo a noite,NEGATIVE
@TIMBrasil sou cliente a anos da tim oq ganho c isso? tenho algum benef√≠cio q os clientes novos n tem?,POSITIVE
@ClaroBrasil operadora lixo,NEGATIVE
true! ü§£ üëç https://t.co/nCTugdqshE,NEGATIVE
u know! üíú üòç https://t.co/PoYw0cl4LV,NEGATIVE
vai tomar no cu porra duas da manh√£ e tu cai ta achando que sou ot√°ria @Vivoemrede,NEGATIVE
@enfloresce @Vivoemrede net lixo,NEGATIVE
@jordangodd @Vivoemrede vivo √© uma merda mesmo vou voltar pra net,NEGATIVE
faz isso voltar @vivoemrede,NEGATIVE
@Vivoemrede eu n√£o sei o n√∫mero do meu telefone mas sei o ddd sera que serve,NEGATIVE
@enfloresce @Vivoemrede usa a gatonet,NEGATIVE
@Vivoemrede beleza agora responde a dm,NEGATIVE
@Vivoemrede vamo melhorar essa internet,NEGATIVE
"@ClaroBrasil minha m√£e pagou fatura dia 20/07 e nada de constar pagamento, mesmo dps de enviar comprov. 2x por email. V√£o resolver ou n√£o?",NEGATIVE
"@Vivoemrede j√° passou da meia noite, vcs j√° me cobraram o pacote de dia, mas eu ainda n√£o tenho internet",NEGATIVE
o sinal de vcs t√° uma merda @Vivoemrede,NEGATIVE
@Vivoemrede eu ja mandei me responde,NEGATIVE
@Vivoemrede mano@me@responde,NEGATIVE
@Vivoemrede me responde vivo,NEGATIVE
@Vivoemrede ta morto eh vivo,NEGATIVE
look.. üôÉ üíõ https://t.co/5s5Juhw9Zp,POSITIVE
boa noite @Vivoemrede,NEGATIVE
@diegoribbas @Vivoemrede CAIU AI TAMBEM?,NEGATIVE
queria saber pq meus dados m√≥veis da @Vivoemrede n√£o esta pegando,NEGATIVE
@enfloresce @Vivoemrede nem caiu velho,NEGATIVE
@diegoribbas @Vivoemrede af,NEGATIVE
@enfloresce @Vivoemrede queria q caisse √©,NEGATIVE
@diegoribbas @Vivoemrede eh,NEGATIVE
@enfloresce @Vivoemrede vai ficar sem lol se fideu,NEGATIVE
@diegoribbas @Vivoemrede vtnc te odeio,NEGATIVE
@enfloresce @Vivoemrede mas eu ja sabia disso,NEGATIVE
@diegoribbas @Vivoemrede q mentira,NEGATIVE
@enfloresce @Vivoemrede eu nao minto,NEGATIVE
@diegoribbas @Vivoemrede tem uma primeira vez pra tudo ne,NEGATIVE
@Vivoemrede me ajuda,NEGATIVE
@Vivoemrede desculpa os xingamentos na dm eu s√≥ preciso de ajuda,NEGATIVE
a internet voltou obrigada @vivoemrede,POSITIVE
@enfloresce @Vivoemrede mas minha vez jamais chegar√°,NEGATIVE
@diegoribbas @Vivoemrede chego agora,NEGATIVE
@enfloresce @Vivoemrede ai tu sabe que foi por minha causa n√©,NEGATIVE
@Vivoemrede s√≥ queria dizer que amo voc√™s ‚ù§,POSITIVE
@diegoribbas @Vivoemrede que,NEGATIVE
@Vivoemrede https://t.co/FvcgyDGKrF,NEGATIVE
"Essa @TIMBrasil s√≥ pode estar de brincadeira, j√° atingi 80% da franquia de dados.. assim n√£o d√°, vou mudar de operadora",NEGATIVE
@Vivoemrede kkkkkkkkk,NEGATIVE
E s√£o 03:20 da madrugada ainda hahahaha N√ÉO D√Å @TIMBrasil,NEGATIVE
@Vivoemrede u√©,NEGATIVE
@Vivoemrede eu mandei isso faz tempo,NEGATIVE
RT @TIMBrasil: Conhe√ßa o √∫nico plano controle com liga√ß√µes ilimitadas para todo o Brasil. #TIMControle https://t.co/xNPb55ypK6 https://t.co‚Ä¶,POSITIVE
E ai @Vivoemrede vamo resolver isso ou vc vai continuar nessa merda https://t.co/JSnmIbMvla,NEGATIVE
@Vivoemrede verificado,NEGATIVE
@Vivoemrede Tive que escrever text√£o pq eu j√° n√£o estou aguentando mais.,NEGATIVE
RT @TIMBrasil: O @mumuzinho criou uma playlist no TIMmusic by Deezer com as m√∫sicas que a vida dele pede. D√™ o play! #TIMmusic‚Ä¶ ,POSITIVE
@Vivoemrede minha net n√£o t√° funcionando! üò´üò´üò´,NEGATIVE
@Vivoemrede como faz para chamar via dm?,NEGATIVE
"Como assim meus dados est√£o desligados e acabou de comer 2 reais da franquia de Internet?
Tudo bom, @ClaroBrasil?",NEGATIVE
"@ClaroBrasil o site para tirar boletos do claro fixo est√° com problemas como na imagem abaixo,abre essa p√°gina onde‚Ä¶ https://t.co/riGSeyDm7F",POSITIVE
check.. üòá ü§ò https://t.co/zaajn3Qqun,POSITIVE
@Vivoemrede Voc√™s aumentam apenas meu upload? Trabalho com streaming e 2 de up √© muito pouco,POSITIVE
@Vivoemrede j√° tentei aumentar para 50 mas dizem que n√£o da,POSITIVE
"@Vivoemrede Meu plano ainda √© da ex-gvt, isso influ√™ncia em alguma coisa para aumentar a internet?",POSITIVE
"@ClaroBrasil o celular √© meu, o cr√©dito √© meu e eu sou pr√©! Porque que n√£o posso escolher quando usar o cr√©dito? Cobran√ßa indevida 3a vez...",POSITIVE
"Fiz a Promo√ß√£o Mensal do Tim Beta no dia 26 e os meus 10 GB de internet ainda n√£o Esta Dispon√≠vel, Parab√©ns https://t.co/Tt8wQ3erdO",POSITIVE
@TIMBrasil Parab√©ns üòí,NEGATIVE
"@anatel_oficial @proconspoficial @o que fa√ßo com @Vivoemrede? Toda semana o msm pbm minha net""quando""funciona √© 1 lixo, Parou de novo üíÄ",POSITIVE
"@aochiai @ClaroBrasil Nada, desisti da claro. Pedi portabilidade pra Tim.",POSITIVE
@Vivoemrede Ainda sem entender,NEGATIVE
"@ClaroBrasil Meu pai queria de presente uma internet que funcionasse pro filho dele, mas a claro n√£o colabora p√¥",POSITIVE
n√£o me atrasa @ClaroBrasil,NEGATIVE
n√£o me arrasa @ClaroBrasil,NEGATIVE
@Vivoemrede Enviado,NEGATIVE
J√° s√£o 20 dias que a @tim_ajuda /@timbrasil  assumiu erro no meu Betalab e n√£o me d√° a franquia que tenho direito.,POSITIVE
"@TIMBrasil  amores por favor me ajudem, estou com problema  com a nossa maravilhosa tim, por√®em nao estou no Brasil para resolver.",POSITIVE
"Acordei 6:40 e nd do meu sinal da @NETatende @ClaroBrasil no meu celular como prometido. J√° s√£o 9 dias esperando  linha, 28 s/ Combo Multi.",POSITIVE
Todo dia um tweet novo sobre o servi√ßo lixoso do Combo Multi da @NETatende @ClaroBrasil. O tumblr sai essa semana. ‚úåüèº,POSITIVE
E a jornada di√°ria de atendimento com a equipe da @NETatende @ClaroBrasil vai come√ßar logo mais. Acompanhem esse show do horror! ‚ú®,POSITIVE
@tim @TIMBrasil foi pra voc√™s,NEGATIVE
RT @vladimirca2000: J√° s√£o 20 dias que a @tim_ajuda /@timbrasil  assumiu erro no meu Betalab e n√£o me d√° a franquia que tenho direito.,NEGATIVE
Vamos dar um jeito nessa internet @TimBrasil,NEGATIVE
"A tim tem que morrer cara, s√©rio mesmo. T√° roubando descaradamente. Vai te fuder @TIMBrasil",NEGATIVE
"@Vivoemrede eu j√° fiz isso e j√° sei que vcs podem me atender, mas dizem por a√≠ que tem um ""acordo"" de que s√≥ a concorrente pode entrar l√°.",NEGATIVE
"Ei @TIMBrasil a rede hoje t√° bem ruim, poxa, melhora a√≠ pra gente.",NEGATIVE
"@Vivoemrede Ent√£o eu resolvi vir aqui saber se isso √© verdade, porque eu quero contratar vcs.",POSITIVE
@Vivoemrede esse tipo se coisa o call center n√£o esclarece üò∞,NEGATIVE
RT @ClaroBrasil: Presente para o #DiadosPais? O Claro clube te ajuda nessa miss√£o. Clique e confira os descontos:‚Ä¶ ,POSITIVE
"RT @kozieleo: botei cr√©dito hoje, nem liguei o 3g e agora to com 3 reais de credito, vai tomar no teu cu @TIMBrasil",NEGATIVE
@TIMBrasil alo Tim!!! Arrumem esse sistema! Aconteceu no come√ßo do ano e agora novamente! Cobran√ßa de dados indevida √© crime!,NEGATIVE
"@kozieleo @TIMBrasil Eu tmb. Botei 20t√£o desse kraio, liguei o 3G mas nem foi gasto do cr√©dito Q coloquei no dia, p‚Ä¶ https://t.co/CTSiKuWMIX",NEGATIVE
"@TIMBrasil mesmo com todas as tecnologias desligadas, me cobran pacote de dados todo dia! E ainda dizem que tem consumo (menos de 1%)",NEGATIVE
"traffic shaping FDP da @Vivoemrede nesses novos planos de internet, vou ter que tomar as providencias cab√≠veis.",NEGATIVE
@TIMBrasil sou cliente h√° 17 anos... mas est√° dando vontade de mudar... √© muita palha√ßada!!!!,NEGATIVE
e pra ajudar ainda caiu de vez depois HUAUHAUHHUUHAUH https://t.co/zn6rcrXT74,NEGATIVE
Essa @TIMBrasil √© a pior operadora!!! N√£o recomendo ningu√©m p√©ssimo atendimento e ainda consome seus cr√©ditos,NEGATIVE
@ClaroBrasil S√≥ estava whatsapp aberto,NEGATIVE
RT @wsal_sa: 1 hora no telefone para atendente da @Vivoemrede me responder!! Nossa vei q merda üò°üò°üò°üò°üò°üò°,NEGATIVE
@joliveira06 Parece que vou ter que fazer barraco na @TIMBrasil ü§î,NEGATIVE
"@Vivoemrede Quando falo em ser ref√©m, √© literal. Eu pago mais por 3 mega numa operadora local, que entrega 1mb do q‚Ä¶ https://t.co/c4GNiQansA",NEGATIVE
"@ClaroBrasil Bom dia. Eu contratei o PREZAO da @ClaroBrasil . 1semana ok. Mas ontem era pra renovar 9,99$ e n√£o ren‚Ä¶ https://t.co/jYj0WBQo8L",NEGATIVE
"@Vivoemrede E, no atendimento por telefone, existe o servi√ßo, at√© que se informa que s√≥ h√° interesse na Internet. F‚Ä¶ https://t.co/IcuCNKo3h6",NEGATIVE
@theangeloos @Vivoemrede cara ultimamente eu tenho q ficar reiniciando o modem no m√≠nimo umas 3 vezes por dia pq es‚Ä¶ https://t.co/ibsp6c6JwZ,NEGATIVE
"@Vivoemrede Chega dessa mensagem autom√°tica! At√© aqui o atendimento √© autom√°tico! Al√¥ @proconspoficial, cad√™ voc√™s covardes?",NEGATIVE
@lucasbrum @NETatende @ClaroBrasil Menino que mart√≠rio √© esse? Ta portabilizando?,NEGATIVE
RT @TIMBrasil: Conhe√ßa o √∫nico plano controle com liga√ß√µes ilimitadas para todo o Brasil. #TIMControle https://t.co/xNPb55ypK6 https://t.co‚Ä¶,POSITIVE
"RT @Andre_Virardi: Certos testes s√≥ vai com fone. (@ Telef√¥nica | @VivoEmrede in S√£o Paulo, SP) https://t.co/SbdFZlI619",POSITIVE
"RT @Andre_Virardi: SIP (@ Telef√¥nica | @VivoEmrede in S√£o Paulo, SP) https://t.co/txWO8ZWtJR",POSITIVE
"RT @Andre_Virardi: Vamos testar meu povo (@ Telef√¥nica | @VivoEmrede in S√£o Paulo, SP) https://t.co/jngBikLEEL",POSITIVE
"@Vivoemrede Muito bem, enviei-lhes DM.",POSITIVE
"De novo a @Vivoemrede me deixa sem internet fibra. Da √∫ltima vez, em Junho, demorou 5 duas para restabelecer o sinal. Oremos.",NEGATIVE
@ClaroBrasil @NEToficial minha internet ainda n√£o foi reestabelicida Protocolo 2017532489371 üò°üò†,NEGATIVE
"@clarobrasil oi, mores, me perguntando o porque de n√£o ter kpop na radio da tv. sedenta aqui em londres",POSITIVE
@fransuel @Vivoemrede,POSITIVE
@fransuel Kk eae @Vivoemrede,POSITIVE
@Vivoemrede Entendam que n√£o busco seu servi√ßo √† toa. N√£o temos servi√ßo de qualidade com os operadores locais. E √© caro. √â desesperador.,POSITIVE
@Vivoemrede operadora lixo,NEGATIVE
Queria saber pq minha internet da @ClaroBrasil t√° s√≥ no H+ e nao t√° pegando o 4G. E a√≠ claro salva nois,POSITIVE
@ClaroBrasil A minha internet n√£o est√° carregando o Safari do meu IPhone,NEGATIVE
@ClaroBrasil Voc√™s est√£o me roubando mais que ladr√£o rouba caminh√£o de carga ultimamente. E n√£o adianta ligar pra c‚Ä¶ https://t.co/sXrXbqrOOB,NEGATIVE
"Cap√£o da Canoa, fim de mundo, litoral a @timbrasil tinha um √≥timo sinal, agora Porto Alegre um dos bairros refer√™ncia, sinal n√£o existe. VSF",NEGATIVE
@TIMBrasil Fora que os atendentes n√£o sabem o que fazer,NEGATIVE
"Era tim, fui pra @ClaroBrasil por conta dos planos que sao melhores e a pr√≥pria internet e agora nao t√° funcionando‚Ä¶ https://t.co/NuxzXBVyIn",NEGATIVE
@ClaroBrasil Mandei,POSITIVE
"@TIMBrasil Agora s√≥ falta mandar as contas na data certa, pra gente n√£o pagar multa",POSITIVE
"@kleeber @NETatende @ClaroBrasil cara, vc n√£o faz ideia. Se eu pudesse cancelar tudo, voltar pra TIM e ficar de boa, eu faria isso.",NEGATIVE
"Vou mudar de operadora, nao aguento mais a @ClaroBrasil",NEGATIVE
@ClaroBrasil Sem ativar meu chip vcs v√£o entrar em contato como? Por sinal de fuma√ßa?,NEGATIVE
"A @ClaroBrasil sumindo com meus cr√©ditos, cobrando 15 reais no pacote de 9,90. @SGO24hrs @LeiSecaRJ @anatel_oficial @NiteroiRadar @plantaosg",NEGATIVE
@olasuelen @ClaroBrasil Operadora de merda,NEGATIVE
"@ClaroBrasil Voc√™s acabam meus cr√©ditos, n√£o aguento mais, eu ponho cr√©dito em um dia no outro n√£o estou com mais nada! üò°",NEGATIVE
@rochadiias @ClaroBrasil Nem fala,POSITIVE
RT @olasuelen: @rochadiias @ClaroBrasil Nem fala,POSITIVE
"RT @Marcel_RCosta: A @ClaroBrasil sumindo com meus cr√©ditos, cobrando 15 reais no pacote de 9,90.  @NiteroiRadar",NEGATIVE
@ClaroBrasil Nada foi resolvido e espero solu√ß√£o,NEGATIVE
@AgoraCidadania Obrigado pela dica! Se nada for feito em rela√ß√£o ao problema junto a @Vivoemrede vou fazer a reclama√ß√£o.,POSITIVE
@ClaroBrasil Nao consigo,NEGATIVE
https://t.co/fXAO6rSJQ0,POSITIVE
"#EnqueteFederal
https://t.co/fXAO6rSJQ0",POSITIVE
RT @DecioNeves: https://t.co/fXAO6rSJQ0,POSITIVE
"RT @DecioNeves: #EnqueteFederal
https://t.co/fXAO6rSJQ0",POSITIVE
"Obrigado @ClaroBrasil por me dar 400MB de internet por recarregar, sou muito grato.",POSITIVE
@ClaroBrasil Corram da @ClaroBrasil pior operadora do Brasil! Estou com grandes problemas e eles n√£o t√™m 1 pessoa c‚Ä¶ https://t.co/NK726wNxhi,NEGATIVE
@Vivoemrede vai tomar no cy,NEGATIVE
@Vivoemrede Cu,NEGATIVE
"Fala @TIMBrasil, comer meus cr√©ditos com gastos de 0,00mb de internet n tava bom n? Agora √© isso aqui? https://t.co/ag77JfVp0h",NEGATIVE
Essa @TIMBrasil t√° de brincadeira comigo,NEGATIVE
"Essa @Vivoemrede √© rid√≠cula, fica tomando cr√©dito dos outros sem ao menos fazer uma liga√ß√£o!!! Mercen√°rios",NEGATIVE
"@ClaroBrasil devolve a minha internet?
A conta j√° t√° paga e eu vou viajar depois de amanh√£, mas minha internet n√£o voltou ainda
Me ajuda a√≠?",NEGATIVE
"@ClaroBrasil pra voc√™s terem ideia, al√©m dos hor√°rios, a mensagem de 100% do pacote chegou antes da de 50%, de t√£o‚Ä¶ https://t.co/7VQxdRSWUs",NEGATIVE
"Deveria ser opcional TIM Music e TIM Banca no plano, se n√£o usa paga mais barato, mas a @TIMBrasil n√£o colabora...",POSITIVE
"@TIMBrasil Eae @TIM_AJUDA, q q √© isso aqui brother? Nunca pedi isso n, vei",NEGATIVE
Aguardando a migra√ß√£o para o Tim Beta @TIMBrasil,POSITIVE
"@ProconRJ @ClaroBrasil cancelou minha linha sem dar um aviso se quer,j√° tentei varias vezes contato,mias os atendentes s√£o grosseiros",NEGATIVE
"Sem sinal da @ClaroBrasil como isso sempre acontece, vcs tem meus dados flw",NEGATIVE
"@ClaroBrasil por causa de comunica√ß√£o da operado cancelaram minha linha,alegando atraso numa fatura de abril.",NEGATIVE
@BomDiaBrasil @ClaroBrasil lixo,NEGATIVE
@ClaroBrasil me salvaaaaaa parcela minha faturaaa üò≠,NEGATIVE
"@ClaroBrasil j√° entrei em contato no atendimento por telefone, n√£o era o que eu queria, mas digamos que foi resolvido.",POSITIVE
"@samanthleme @ClaroBrasil to pensando seriamente em trocar pela nextel, mas to vendo ainda kkk !! maior stress, e √©‚Ä¶ https://t.co/z1QqfvmYqZ",NEGATIVE
"@ClaroBrasil mandei j√°, tks!",POSITIVE
@Vivoemrede infelizmente est√° levando uma hora e meia e n√£o estou consigo chegar numa Atendente.,POSITIVE
oi sumida @Vivoemrede,POSITIVE
ACC @ClaroBrasil,POSITIVE
"I'm at @ClaroBrasil in Rio de Janeiro, RJ https://t.co/qi5FpouS4P",POSITIVE
"A  @TIMBrasil, est√° Desde ontem sem conex√£o com a internet, e a √∫nica  resposta que tenho, e que √© problema de conex√£o na regi√£o, onde estou",NEGATIVE
SE EXISTE OPERADORA PIOR Q A @TIMBrasil ELA AINDA N√ÉO FOI INVENTADA PQP,NEGATIVE
"I'm at TIM - @timbrasil in S√£o Paulo, SP https://t.co/aAYee8rX2D",NEGATIVE
@TIMBrasil Sinal ruim do caralho,NEGATIVE
@Vivoemrede desde ontem t√¥ tentando gerenciar meu consumo de internet e s√≥ d√° erro. ajuda!,NEGATIVE
"I'm at Telef√¥nica | @VivoEmrede in S√£o Paulo, SP https://t.co/XeG5GLU4Bw",NEGATIVE
Eu desisto da @TIM_AJUDA @TIMBrasil,NEGATIVE
"@ClaroBrasil Conta paga, parcelamento em dia e a Claro cortou nossas linhas do plano corporativo e pede 5 dias √∫teis para religar.",NEGATIVE
@ClaroBrasil absurdo de operadora. 5 dias sem linha com contas pagas. Quem vai arcar com o nossos preju√≠zo?,NEGATIVE
Mais uma vez a @Vivoemrede testando minha paci√™ncia,NEGATIVE
@TIMBrasil @digaoi  Eu odeio a Tim e a Oi campe√£s de liga√ß√µes por dia para a casa do cidad√£o. #EuOdeioATimEOi,NEGATIVE
RT @UolCozer: @TIMBrasil @digaoi  Eu odeio a Tim e a Oi campe√£s de liga√ß√µes por dia para a casa do cidad√£o. #EuOdeioATimEOi,NEGATIVE
RT @ClaroBrasil: Presente para o #DiadosPais? O Claro clube te ajuda nessa miss√£o. Clique e confira os descontos:‚Ä¶ ,NEGATIVE
"A #timbrasil tem um sinal p√©ssimo, essa empresa s√≥ quer faturar grana e na de investimentos em melhoria do sinal, #vivo, #claro e #oi tamb√©m",NEGATIVE
@victor42coelho @ClaroBrasil fala na cara,NEGATIVE
"@ClaroBrasil Meu acesso √† internet t√° restrito a wpp, ttr e FB, beeeeeem lento...n√£o tenho acesso ao maps e nenhum‚Ä¶ https://t.co/fn9rezvhD7",NEGATIVE
@Vivoemrede dm ;),POSITIVE
@ClaroBrasil Muita coisa para 144 car√°cteres. https://t.co/F0qjrvuDIX,NEGATIVE
"eu nunca atendo a porcaria da @ClaroBrasil 
cai na besteira de atender e LEVEI PATADA",NEGATIVE
RT @TIMBrasil: Conhe√ßa o √∫nico plano controle com liga√ß√µes ilimitadas para todo o Brasil. #TIMControle https://t.co/xNPb55ypK6 https://t.co‚Ä¶,POSITIVE
@ClaroBrasil √© impressionante q vou ter q cancelar meu n√∫mero pq n√£o param de me infernizar oferecendo pacote caro de servi√ßo ruim,NEGATIVE
@Vivoemrede para de diminuir a velocidade da minha internet eu vou cancelar voc√™,NEGATIVE
Ai vc tenta fazer um cancelamento mas o sistema √© t√£o incompetente que te deixa na linha por mais de 10min sem atendimento @Vivoemrede,NEGATIVE
@Vivoemrede Fora a parte que desligam na sua cara sem atendimento,NEGATIVE
"@TIMBrasil √ìtima promo√ß√£o e publicidade!
Quem quiser reclamar, vai aos meios de comunica√ß√£o. Quanto mimimi",POSITIVE
@TIMBrasil Mais uma vez estou com problemas com a minha linha. Ela apenas REALIZA CHAMADAS E N√ÉO RECEBE!!! T√° demais! #TimNaoPresta,NEGATIVE
@eduardodl2 quase 5min depois para absorver e responder...√© internet da tim ainda? vomo pra @Vivoemrede,NEGATIVE
"Pago car√≠ssimo em plano da @ClaroBrasil, internet n√£o funciona!! Isso quando to usando apenas os aplicativos ""gratis"" que na vdd √© cobrado!",NEGATIVE
@Vivoemrede Esperando o dia que vai passar fibra j√° que passa aqui do lado ou aumentar os MB pq trabalhar com 4mb √© sofrido #EuAcredito,POSITIVE
@brupaz6 @Vivoemrede eu tava refletindo sobre a patada q vc me deu. me deixou magoado. mas se a @Vivoemrede me ofer‚Ä¶ https://t.co/vPNVc1dcoS,NEGATIVE
"@TIMBrasil At√© agr t√¥ esperando vcs devolverem meus R$ 10,00 de volta, n contratei nenhum servi√ßo pra vcs terem roubado meu money.",NEGATIVE
"@eduardodl2 @Vivoemrede @TIMBrasil s√≥ √© patada se for verdade :( 

hauahuahuahauha &lt;3",NEGATIVE
@brupaz6 @Vivoemrede @TIMBrasil ADEUS!,POSITIVE
@carlferrs @ClaroBrasil Nuuu o meu tweet tinha nem enviado e vc ja vc respondeu sdds 3g da @vivo,NEGATIVE
"Tnc a @ClaroBrasil rouba muito direto ela r√≥i meus creditos, coloquei 10 reais agr descontou 7, o certo e eu ficar com 3 mas fiquei com 2 !",NEGATIVE
@olasuelen @ClaroBrasil Kkkkkkk,POSITIVE
"@ClaroBrasil Faz muito pior quando eu coloco 20, rouba 5 reais por ai",NEGATIVE
@vhugoborgess @TIM_AJUDA @TIMBrasil @TIM_AJUDA ajuda!!!!!,NEGATIVE
J√° t√¥ vendo que minha conta vai vencer e a @ClaroBrasil n√£o vai me mandar o boleto por e mail,NEGATIVE
@Luiznobru @ClaroBrasil Chupou piru mn,NEGATIVE
@Vivoemrede Chamei l√°  =],NEGATIVE
A @ClaroBrasil cobra 2x quando muda a data do vencimento... cobran√ßa indevida.,NEGATIVE
@ClaroBrasil A @ClaroBrasil cobra 7 dias antes de liberar o pacote.,NEGATIVE
T√° rolando um clima entre @Vivoemrede  e eu por DM. rsrs üòÖ,NEGATIVE
@LuiisFelippe ignora a propaganda e foca s√≥ no v√≠deo... Lembra de algo? Hahahaha https://t.co/RtQdcjeU6v,POSITIVE
@ClaroBrasil Parab√©ns pelo √≥timo atendimento no televendas. Uma funcion√°ria mais mal educado que a outra.,NEGATIVE
"Ei molier, √© voc√™ mesmo @TIMBrasil, me explica pq est√°s sem √°rea novamente em Belo Jardim - PE. Todo m√™s tu tem que sair de √°rea √©? √â moda?üòí",NEGATIVE
@ClaroBrasil A @ClaroBrasil tem um dos piores servi√ßos... tanto no atendimento quanto no sinal.,NEGATIVE
"@ClaroBrasil Sim! Desde ontem estamos com sinal fraco ou inexistente, um problema que ocorre sempre",NEGATIVE
@ClaroBrasil A @ClaroBrasil vai perder um cliente e n√£o adianta ligar quando fizer a portabilidade.,NEGATIVE
"@Thalles97_ @ClaroBrasil Porra eles nem disfar√ßa, roi na cara de pau",NEGATIVE
@victor42coelho @ClaroBrasil @vivo Olokoooo eu so posso ser........ um ET obg @Vivoemrede,POSITIVE
@Vivoemrede Chegou agora?,POSITIVE
"@Vivoemrede Ja enviei, esperando pra saber se vamos resolver isso de uma forma rapida ou se aciono a @anatel_oficial",NEGATIVE
RT @MooreDeveloper: A @ClaroBrasil cobra 2x quando muda a data do vencimento... cobran√ßa indevida.,NEGATIVE
"RT @Luiznobru: @Thalles97_ @ClaroBrasil Porra eles nem disfar√ßa, roi na cara de pau",NEGATIVE
RT @MooreDeveloper: @ClaroBrasil A @ClaroBrasil cobra 7 dias antes de liberar o pacote.,NEGATIVE
@ClaroBrasil enviei,POSITIVE
@Luiznobru @ClaroBrasil üòÇüòÇüòÇüòÇüòÇ,POSITIVE
Pode isso @anatel_oficial @Anatel_homologa üëáüëáüëá https://t.co/1mSKPFIwpx,NEGATIVE
Pode isso @anatel_oficial @Anatel_homologa ? üëáüëáüëá https://t.co/qZu7KDfiCy,NEGATIVE
"@ClaroBrasil Te oferecem uma mudan√ßa de plano, confirmam que vc vai seguir com o b√¥nus que possui, o b√¥nus some, voc√™ liga para resolver +",NEGATIVE
"@Vivoemrede bom dia vivo, dm",POSITIVE
"@ClaroBrasil Ningu√©m resolve, a atendente do televendas ignorante. Podem verificar minha situa√ß√£o?",NEGATIVE
10:04 da manh√£ e eu j√° arrumando grandes quizumbas com a @ClaroBrasil,NEGATIVE
"@ClaroBrasil enviei tudo e estou esperando resposta, obrigada",POSITIVE
Assim me derreto em uma ter√ßa-feira. Rsrs üòÖ https://t.co/T8IDsxoISV,POSITIVE
"@ClaroBrasil Obrigado pelo retorno, vou mandar uma DM com os dados ok?",POSITIVE
"@TIM_AJUDA @TIMBrasil  MAS √â UM CARALHO MESMO N√â !! PQP TIM, ONTEM EU TINHA 7 CONTO, E AGORA DO NADA S√ì TENHO 1 REAL ? ISSO QUE SOU BETA",NEGATIVE
nunca coloco cr√©dito a√≠ fui por hj e a @TIMBrasil j√° levou tudo dps da recarga üñï,POSITIVE
Segunda reclama√ß√£o na ANATEL. Infelizmente a @Vivoemrede n√£o instalou minha internet em casa depois de dois meses e muitas reclama√ß√µes.,POSITIVE
@oiyuro @TIMBrasil,POSITIVE
"Se voc√™ que me l√™ tiver uma op√ß√£o melhor de servi√ßo, evite a @Vivoemrede a todo custo. Como moro numa regi√£o ref√©m da Vivo, ficarei sem web.",NEGATIVE
Perdi clientes nesse tempo. J√° estou conversando com meu advogado para processar a @Vivoemrede por perdas e danos. E eu s√≥ queria internet.,NEGATIVE
"Como a @Vivoemrede est√° horr√≠vel esses dias, nunca tive problema com ela, por√©m de uns dias pra c√° a internet est√° super lenta e nunca resol",NEGATIVE
Obrigado pelo respeito de sempre @Vivoemrede https://t.co/aeVjdBXGae,POSITIVE
T√° de mau humor? Espera ser acordado pela @Vivoemrede todo dia de manh√£ pra eles te cobrarem uma conta que j√° foi paga.,NEGATIVE
Alow @Vivoemrede tem DM pra vcs!,POSITIVE
"I'm at @ClaroBrasil in Rio de Janeiro, RJ https://t.co/SEyKei79kE",POSITIVE
"@Vivoemrede Quando aciono o atendimento por telefone eles sempre falam que est√° chegando a internet normalmente, es‚Ä¶ https://t.co/GNh3CpqgSi",NEGATIVE
"I'm at Telef√¥nica | @VivoEmrede in S√£o Paulo, SP https://t.co/jykyamNHJj",POSITIVE
Agora a @Vivoemrede resolveu me ligar pra dizer q tenho um d√©bito em aberto DE ABRIL. Estamos em Agosto. Eu n√£o devo NADA pra eles. Nadinha.,NEGATIVE
@Vivoemrede me respondam na dm por favor,POSITIVE
@bruna_amara1 @ClaroBrasil √© bom vcs devolverem o que pegaram,NEGATIVE
"@Vivoemrede ol√°, gostaria de saber pq quando entro em contato com vcs p/ solicitar a internet, vcs dizem que n√£o tem disponibilidade+",NEGATIVE
@Vivoemrede  pq vc t√° em todos os v√≠deos do youtube vcs s√£o algum tipo de doido fica nos atrapalhando assistir os v√≠deu :c,NEGATIVE
RT @whyCentral: @Vivoemrede  pq vc t√° em todos os v√≠deos do youtube vcs s√£o algum tipo de doido fica nos atrapalhando assistir os v√≠deu :c,NEGATIVE
"@TIMBrasil muito obrigado pelo desservi√ßo que nos √© prestado aqui em Ilh√©us,  especificamente no bairro Oliven√ßa e‚Ä¶ https://t.co/eN3EBMRmEO",NEGATIVE
"@Vivoemrede Sou cliente celular desde os anos 90, zero problemas. Fui cliente de Vivo Fibra por um ano e S√ì TRETA. Fujam dessa empresa.",NEGATIVE
"@Vivoemrede +pensei que vcs estivessem afim de faturar uns dinheiros, mas parece que me enganei",NEGATIVE
Orgulho! Nossos clientes entre as empresas com melhor desempenho no ranking Melhores &amp; Maiores da @exame.Parab√©ns‚Ä¶ https://t.co/sozMfXJbG8,POSITIVE
"@theangeloos @Vivoemrede Comigo est√° acontecendo o mesmo, inclusive liguei e dps de minutos de conversa, n√£o teve s‚Ä¶ https://t.co/oqIZGVv2Av",NEGATIVE
"@Vivoemrede N√£o √© telefone, amor. √â Vivo Fibra.",POSITIVE
@ClaroBrasil Mesmos dados. OBRIGADO!,POSITIVE
"@Vivoemrede palha√ßada!!! Menos de um mes depois de eu vir aqui reclamar, estou sem servi√ßo de novo!!! #vivofail #vivomorto #vivonuncamais",NEGATIVE
@Vivoemrede vcs dizem q o problema √© na regi√£o! Mas os meus vizinhos est√£o com sinal! Ser√° q n√£o moro na mesma regi√£o que eles? ü§î #vivofail,NEGATIVE
"@Vivoemrede mandei DM, espero de verdade que voc√™s solucionem, pois s√≥ est√£o me dando dor de cabe√ßa.",NEGATIVE
@TIMBrasil @anatel_oficial @TIMBrasil @anatel_oficial,POSITIVE
RT @ClaroBrasil: Pause o gif e descubra o filme ou s√©rie que o @ClaroVideoBr indica para voc√™ curtir gigante nessas f√©rias. üå¥üì±‚òÄÔ∏èüì∫ https://t‚Ä¶,POSITIVE
"@ClaroBrasil Sempre quando eu coloco cr√©ditos, some alguns, vcs poderia me explicar oq esta acontecendo ?",NEGATIVE
@Vivoemrede Coloquei a informa√ß√£o solicitada na DM....estou aguardando resposta de alguem...,POSITIVE
"@Vivoemrede Vivo qual autenticador √© pra usar? uso o cliente@cliente mas ele tava caindo, coloquei o vivo@vivo e melhorou, qual √© o certo?",NEGATIVE
"@Vivoemrede vivo a internet est√° caindo toda hora, pode me ajudar?",NEGATIVE
RT @Thalles97_: @Luiznobru @ClaroBrasil üòÇüòÇüòÇüòÇüòÇ,POSITIVE
@Vivoemrede Enviado!,POSITIVE
@TIMBrasil ultimamente √° internet t√° uma bosta em!,NEGATIVE
@ClaroBrasil N√ÉO QUERO AJUDA NENHUMA!  QUERO INTERNET,NEGATIVE
"RT @Daniel1Amaral: @anatel_oficial @proconspoficial @o que fa√ßo com @Vivoemrede? Toda semana o msm pbm minha net""quando""funciona √© 1 lixo,‚Ä¶",NEGATIVE
Essa @TIMBrasil cancelando meu plano... Tirando ponto do Tim Beta.. e quando reclamo me pedem pra esperar,NEGATIVE
@TIMBrasil  n√£o to conseguindo acessar o meu tim..,NEGATIVE
OLHA ESSA @Vivoemrede üòÇüòÇüòÇüòç https://t.co/xTjS1l3DZF,POSITIVE
"@Alemessa @ClaroBrasil Bom dia, Ale. Responda, fale com um de nossos consultores e leve as linhas de sua empresa pa‚Ä¶ https://t.co/YiA3i4g32X",POSITIVE
RT @gabibianco: Agora a @Vivoemrede resolveu me ligar pra dizer q tenho um d√©bito em aberto DE ABRIL. Estamos em Agosto. Eu n√£o devo NADA p‚Ä¶,NEGATIVE
@gabibianco @Vivoemrede A @ClaroBrasil tenta me cobrar h√° meses de uma fatura cuja data eu j√° nem era mais cliente...,NEGATIVE
J√° t√¥ bolad√£o com essa tal de @ClaroBrasil,NEGATIVE
@Vivoemrede Ja passei os dados na DM mas ninguem responde...,NEGATIVE
"@Vivoemrede d√° pra voces pararem de comer meus creditos n√£o aguento mais, vou ter que procurar a concorr√™ncia.",NEGATIVE
RT @ClaroBrasil: Presente para o #DiadosPais? O Claro clube te ajuda nessa miss√£o. Clique e confira os descontos:‚Ä¶ ,POSITIVE
"Eu tenho uma curiosidade pra saber quanto a @Vivoemrede paga de multa de carro. Seus motoristas parecem de F1, sempre correndo nas ruas.",NEGATIVE
PIOR OPERADORA SEM DUVIDAS NENHUMA @TIMBrasil. Paga a fatura todo m√™s adiantado e ainda diz que n√£o tem cr√©dito. Detalhe: 15GB üòÇüòÇüòÇüòÇ,NEGATIVE
"Com toda certeza mudando de operadora. Pq com a @TIMBrasil n√£o da pra contar, s√≥ fica na m√£o",NEGATIVE
@Vivoemrede encaminhado,POSITIVE
"Al√©m de pagar 60 pau de fatura, adiantado, pra @TIMBrasil ter que colocar mais 30 de credito pq diz que voc√™ n√£o tem mais.",NEGATIVE
Conta da @ClaroBrasil em d√©bito autom√°tico cobra no dia certo. Hoje me ligam dizendo que v√£o suspender o plano porque n√£o foi pago.,NEGATIVE
Sendo que no app da @TIMBrasil informa que voc√™ tem 11 GB ainda üòÇüòÇüòÇ,NEGATIVE
"A conta ainda nem venceu e a @Vivoemrede j√° me ligou 10x s√≥ nessa manh√£. T√° querendo a visita do famoso ""Processinho"" ?",NEGATIVE
@ClaroBrasil √â muita incompet√™ncia ou muita incompet√™ncia?,NEGATIVE
"Hoje a internet tirou o dia pra passar raiva na gente.... Nao carrega nada. N√£o funciona nada! 
@gvtoficial @gvt_suporte @Vivoemrede @vivo",NEGATIVE
A empresa que mais rouba do cliente @TIMBrasil. P√©ssimo atendimento üñïüèª,NEGATIVE
"@ClaroBrasil minha esposa, propriet√°ria da linha, ligou h√° 10 dias pra alterar o plano e disseram q fariam. At√© agora consta o plano antigo",NEGATIVE
"Liga no domingo fala que voc√™ tem 15GB, liga na ter√ßa fala que voc√™ tem 2GB. Teleoperadores completamente despreparados @TIMBrasil",NEGATIVE
"O ""prez√£o"" que dura dois dias n√© @ClaroBrasil ?",NEGATIVE
"A internet n√£o funciona. T√° complicado trabalhar! 
@gvtoficial @gvt_suporte @Vivoemrede @vivo",NEGATIVE
"tenho o app Meu Vivo da @Vivoemrede pra facilitar minha vida, mas parece que a cada ano que passa esse lixo fica pior",NEGATIVE
@Vivoemrede pq voc√™s n√£o resolvem meu problemaaa?? Eu s√≥ preciso trocar o cart√£o do pagamentoooo,NEGATIVE
"@TIMBrasil, chega n√©? https://t.co/DmH5SVxJwc",NEGATIVE
Esse √© o respeito que prezo neste site https://t.co/s6163JoxEY,POSITIVE
@SouzaBrendoSnp @ClaroBrasil Kkkkkkkkkkkkkk n√£o voltou ainda n√£o?,NEGATIVE
"oi linda, esqueceu de mim? :/ https://t.co/OqWbZnl9pK",NEGATIVE
"@ClaroBrasil Poxa Claro, assim n√£o d√° pra te ajudar tbem heim. Dois dias sem respostas no atendimento por Chat! Deixam sem respostas.",NEGATIVE
@camilasantoss94 @ClaroBrasil Me fizeram gastar dinheiro e essa porra n√£o voltou. J√° reclamei na Anatel.,NEGATIVE
"Tenho que conversar nao migues, era s√≥ curiosidade mesmo. Os carros da vivo sempre s√£o os que t√£o correndo na cidad‚Ä¶ https://t.co/OqNKSNFCkD",NEGATIVE
@ClaroBrasil Assim n√£o d√°... üò°,NEGATIVE
EU QUERO VER A PORRA DA MINHA FATURA PRA PODER PAGAR E NAO CONSIGO NEM NO SITE E NEM NO APP PQ DA ERRO MAIS QUE BOSTA AAAAAAAA @Vivoemrede,NEGATIVE
@ClaroBrasil Entra em contato com esse n√∫mero (21 96857-8729),POSITIVE
@ClaroBrasil  https://t.co/NpG1zFzRWs,NEGATIVE
"E essa internet da @Vivoemrede piorando, isso fode ca minha vida",NEGATIVE
@Luiznobru @ClaroBrasil Ta fudido kkkkkk,NEGATIVE
"@ClaroBrasil Ol√°, ent√£o, desde cedo s√≥ permanece nisso, j√° retirei o chip, coloquei novamente, reiniciei o celular‚Ä¶ https://t.co/rtlS5bObUC",NEGATIVE
@ClaroBrasil @victor42coelho KKKKKKKKk,POSITIVE
"@ClaroBrasil oi td bom? aqui esta uma merda. 
eu fiz o cadastro 3 VEZES e mesmo assim diz q nao ta cadastrado",NEGATIVE
@ClaroBrasil da primeira vez q eu fiz disse q tava cadastrado e tal dai no dia seguinte eu fui ligar e disse que eu‚Ä¶ https://t.co/c5sSDJBx5S,NEGATIVE
RT @adaozinho06: @Luiznobru @ClaroBrasil Ta fudido kkkkkk,NEGATIVE
@ClaroBrasil sendo q a liga√ßao nem era pra isso. dai ta eu cadastrei dnv ne esperei as horas e qnd passou eu fui te‚Ä¶ https://t.co/Sf1Bow1Q9o,NEGATIVE
@adaozinho06 @ClaroBrasil Porra pprt,NEGATIVE
@mendeslets @gvtoficial @gvt_suporte @Vivoemrede @vivo ow a minha deu problema de madrugada tamb√©m! quando era s√≥ gvt nunca deu nada,NEGATIVE
@ClaroBrasil nisso eu cadastrei pela TERCEIRA vez e no dia seguinte fui tentar ligar aconteceu a mesma coisa. meio‚Ä¶ https://t.co/E1aWqSYMul,NEGATIVE
"@willdelisto @gvtoficial @gvt_suporte @Vivoemrede @vivo Eu estou no trabalho e t√° p√©ssimo. L√° na minha casa, cai o‚Ä¶ https://t.co/n4P9XoAW23",NEGATIVE
"@Vivoemrede vivo vc j√° pensou em fazer uma boa a√ß√£o ajudando na tag

#STFVidaNaoTemPreco",POSITIVE
oi @TIMBrasil que que t√° acontecendo hoje? ü§î,NEGATIVE
"@ClaroBrasil estou sem sinal nos tres chips da minha familia a atendente al√©m de n√£o saber diagnosticar, disse que eram os telefones :P",NEGATIVE
RT @Luiznobru: @adaozinho06 @ClaroBrasil Porra pprt,NEGATIVE
"RT @LaviniaSarges: @Vivoemrede vivo vc j√° pensou em fazer uma boa a√ß√£o ajudando na tag

#STFVidaNaoTemPreco",POSITIVE
"RT @LaviniaSarges: @Vivoemrede vivo vc j√° pensou em fazer uma boa a√ß√£o ajudando na tag

#STFVidaNaoTemPreco",POSITIVE
"T√¥ sem sinal da @TIMBrasil em #Guarulhos, ir√¥nico e c√¥mica situa√ß√£o que somos obrigados passar. Faz recordar a par√≥dia @GaloFrito com @pathy",NEGATIVE
"RT @LaviniaSarges: @Vivoemrede vivo vc j√° pensou em fazer uma boa a√ß√£o ajudando na tag

#STFVidaNaoTemPreco",POSITIVE
Iai @Vivoemrede vai continuar marcando de vir aqui na ag√™ncia e nada?? Isso vai at√© quando? Eu preciso das minhas linhas funcionando,NEGATIVE
"RT @LaviniaSarges: @Vivoemrede vivo vc j√° pensou em fazer uma boa a√ß√£o ajudando na tag

#STFVidaNaoTemPreco",POSITIVE
"@melhormentor @Vivoemrede va la no https://t.co/7jcMBb1o1X  e baixe filmes, seriados, musica, livros 100% gratis. R√°pido e seguro!",POSITIVE
"A internet t√° uma merda e a @Vivoemrede disse que √© pq eu tenho que usar cabo... E p usar Wi-Fi, fa√ßo o que?? Pior banda larga do universo!",NEGATIVE
"@Vivoemrede  estou com uma d√∫vida, tenho vivo easy e ontem n√£o acionei o plano de dados e foi registrado um consumo‚Ä¶ https://t.co/hlzf0mMgss",NEGATIVE
@ClaroBrasil N√£o sou cliente e preciso entrar em contato! Paguei a conta da vizinha! Obrigado,NEGATIVE
"@ClaroBrasil to querendo voltar, tira umas d√∫vidas please!",POSITIVE
"Al√¥ @Vivoemrede, a rede em Campinas t√° com algum problema? Minha internet t√° muito ruim desde ontem de tarde.",NEGATIVE
Eai @timbetaprofi @TIM_AJUDA @TIMBrasil como cumprir os pontos se j√° estou a 39 dias sem atualizar ? Dif√≠cil n√© . https://t.co/ddVGhX4qne,NEGATIVE
"@Vivoemrede mandei DM, aguardo resposta!",POSITIVE
@Vivoemrede J√° mandei :),POSITIVE
@Vivoemrede ME AJUDA URGENTE,POSITIVE
#timbetalab @TIMBrasil me enrolando com os convites pra Beta. Quem perde novos clientes s√£o voc√™s! ü§òüèº,NEGATIVE
"N√£o consigo acessar o aplicativo da na minha conta de celular pq o meu n√∫mero n√£o est√° associado ao meu perfil. Parab√©ns, @ClaroBrasil",NEGATIVE
"@ClaroBrasil Face, tt e whats, s√£o apps gratuitos, porem cobrados do meu plano! Se todo dia 8 vira meu plano, pq ai‚Ä¶ https://t.co/0cTvDgXeHS",NEGATIVE
"@Vivoemrede me salva da @digaoi por favor. Eu to vivendo com ela pela na zona de conforto, mas n√£o d√° mais.",POSITIVE
RT @ClaroBrasil: Presente para o #DiadosPais? O Claro clube te ajuda nessa miss√£o. Clique e confira os descontos:‚Ä¶ ,POSITIVE
@ClaroBrasil @ClaroBrasil  nosso plano √© corporativo. Segue uma das linhas 31 98425 9627,POSITIVE
@vivoemrede pior operadora,NEGATIVE
"@Vivoemrede j√° liguei para cancelar o servi√ßo de caixa postal e de envio de mensagens de promo√ß√µes e propagandas, mas at√© agora nada...",NEGATIVE
@ClaroBrasil @ClaroBrasil segue. 31 98425 9627 plano corporativo,POSITIVE
"@vivoemrede vcs noa sao pol√≠ticos mas sao um bando de ladrao, quero meu dinheiro de volta",NEGATIVE
vai tomar no cu @TIMBrasil,NEGATIVE
"Mais um dia, mais uma palestra do nosso CEO @Vivoemrede https://t.co/Nhv0ctLwJz",POSITIVE
Meu 4g ta desligado e chegou msg dizendo q atingi 80% da internet vlw ai @Vivoemrede,NEGATIVE
@Vivoemrede Todos os dados enviados,POSITIVE
Contando os dias pra @Vivoemrede chegar no meu pr√©dio e eu deixar de ser ref√©m da @NETatende eu n√£o aguento mais!!,POSITIVE
@Vivoemrede mandei uma dm pra voc√™s!,POSITIVE
"@Vivoemrede minha m√£e solicitou o plano Vivo Controle Giga 2GB pelo site de vcs e at√© agr nada, isso domingo a noite, qual seria o prazo?+1",NEGATIVE
@Vivoemrede para ativarem o servi√ßo ja que so fica nos rastreamento dizendo ''analise de perfil'' pelo site https://t.co/sDKD2Z0Pdw.,NEGATIVE
ü§ó üòú https://t.co/W2f65R1yhy,POSITIVE
@Godozinhocda @ClaroBrasil Vc me mamou iae?,NEGATIVE
RT @_yukaritoma: vai tomar no cu @TIMBrasil,NEGATIVE
"@Godozinhocda @ClaroBrasil Mamou pau, fu Nada",NEGATIVE
@ClaroBrasil Ela pode te dar mais detalhes do que est√° acontecendo @bruna_amara1,NEGATIVE
"Querida @Vivoemrede apenas PAREM DE LIGAR me cobrando de uma fatura que j√° est√° paga! Acabei de entrar no site e ver! 
#sistemalixo #vivo",NEGATIVE
E a√≠ @Vivoemrede? https://t.co/GUWYlhM5L4,NEGATIVE
"@_yukaritoma @TIMBrasil minha m√£e ta puta tambem KKKK ela comprou o chip s√≥ por comprar, n√£o funciona nada.",NEGATIVE
@Godozinhocda @ClaroBrasil Se liga na tua responsa neguim ta de mancada,NEGATIVE
"T√¥ sem sinal da @TIMBrasil em #Guarulhos, ir√¥nico e c√¥mica situa√ß√£o que somos obrigados passar. Faz recordar a par√≥dia @GaloFrito c/@pathy",NEGATIVE
@ClaroBrasil Obgdo p/retorno @ClaroBrasil mas j√° consegui... S√≥ q agora o app n me deixa atualizar meu endere√ßo...‚Ä¶ https://t.co/qDuNOamuwE,POSITIVE
S√≥ o meu @Vivoemrede que est√° sem servi√ßo ?! üò†,NEGATIVE
@chadecravo https://t.co/zX49WbM2Lu,NEGATIVE
"Al√¥ @Vivoemrede, sem internet de novoooooooo",NEGATIVE
P piorar meu dia essa operadora de merda @ClaroBrasil N libera a porra da minha internet,NEGATIVE
O site da @ClaroBrasil est√° com defeito? n√£o consigo acessar minhas faturas anteriores,NEGATIVE
@Vivoemrede mandei,POSITIVE
@Godozinhocda @ClaroBrasil Menor vou empapu√ßar seu cu de ling√ºi√ßa,NEGATIVE
"Ligo pra @Vivoemrede pedindo internet de fibra, e agora recebo liga√ß√£o da @NEToficial TODOS os dias. Bem legal heim @Vivoemrede üò°",NEGATIVE
RT @MandiMaia: @dark_coelho @EdsonSarcero @EliLeonarda @RogerioNews @projetonutri @LeilaBarros18 @grandehelio87 @Th0mTh0m‚Ä¶ ,NEGATIVE
"@ClaroBrasil por favor, no plano p√≥s de 109,99 √© poss√≠vel a utiliza√ß√£o de quantas linhas?",POSITIVE
RT @Foralula: O site da @ClaroBrasil est√° com defeito? n√£o consigo acessar minhas faturas anteriores,NEGATIVE
"@Vivoemrede parem de cometer erros na cobran√ßa da TV, plmdds. N√£o aguento mais minha m√£e pedindo pra eu ligar toda vez que isso acontece!",NEGATIVE
RT @MandiMaia: @EdsonSarcero @EliLeonarda @RogerioNews @projetonutri @LeilaBarros18 @grandehelio87 @Th0mTh0m @Marcelo_Ico74‚Ä¶ ,POSITIVE
@ClaroBrasil ok,POSITIVE
"@Vivoemrede at√© pq ningu√©m merece passar minutos ou horas aguardando, ser transferido indevidamente ou cair a liga√ß√£o e ningu√©m retornar üôÑ",NEGATIVE
Respondo pessoal ! https://t.co/fyyCLHUXOE,POSITIVE
"@Vivoemrede j√° aproveitando, at√© hoje estou esperando acabar com a cobran√ßa de uma linha telef√¥nica q vieram instalar sem meu consentimento",NEGATIVE
J√° √© a segunda vez que a porra da @TIMBrasil come meus cr√©ditos a troco de nada mas que inferno de operadora üò†üò†,NEGATIVE
@Vivoemrede Acabaram de LIGAR DE NOVO! NOSSA TA FICANDO CHATO! E EST√ÉO COBRANDO UMA CONTA DE 0.04 CENTAVOS!!ME DIZ‚Ä¶ https://t.co/katMAn7A7c,NEGATIVE
@Vivoemrede s√≥ t√¥ no aguardo de um t√©cnico vir ao pr√©dio e jogar a fibra pra dentro. T√° tudo preparado.,NEGATIVE
"""Voc√™ atingiu 100% do seu pacote"". Pau no c√∫ da @ClaroBrasil",NEGATIVE
"Caralho @TIMBrasil v√£o se foder! Vc coloca R$50 p/ renovar o #Beta e qndo vai ver a porra n√£o renovou, fez foi gastar. Te rouba na cara dura",NEGATIVE
@Vivoemrede Enviada,NEGATIVE
@Vivoemrede minha fatura n√£o chegou!,NEGATIVE
yeahh üòå üëç https://t.co/YZPaAHl1Id,POSITIVE
"@ClaroBrasil Bom dia, j√° tem mais de 2 semanas que a minha internet 4G resolveu n√£o funcionar. Ta muito lenta. O que est√° acontecendo?",NEGATIVE
Deveriam me patrocinar. T√¥ sustentando vcs com tanto de internet q gasto vendo o clipe de @ivetesangalo üòÇ‚Ä¶ https://t.co/NXHyjsOZW1,POSITIVE
RT @TIMBrasil: O @mumuzinho criou uma playlist no TIMmusic by Deezer com as m√∫sicas que a vida dele pede. D√™ o play! #TIMmusic‚Ä¶ ,POSITIVE
"@Vivoemrede nem eu migo, nem eu. Boa semana.",POSITIVE
@Vivoemrede Chamei na DM,POSITIVE
@Vivoemrede ta por ai?,POSITIVE
pelo menos na oi da pra pedir credito emprestado @ClaroBrasil,POSITIVE
@Vivoemrede @jutente Aqui tamb√©m.. Caindo o tempo todo.. Quase cancelando j√° üò•,NEGATIVE
"RT @theangeloos: traffic shaping FDP da @Vivoemrede nesses novos planos de internet, vou ter que tomar as providencias cab√≠veis.",POSITIVE
"Obrigado @ClaroBrasil por cortar minhas linhas, pagas e em dia... por porblemas de voces",NEGATIVE
"@TIMBrasil acabei de completar portabilidade e n√£o consigo fazer recarga pela internet, meu celular n√£o tem cr√©ditos pra nada ¬Ø\_(„ÉÑ)_/¬Ø",POSITIVE
RT @ClaroBrasil: Presente para o #DiadosPais? O Claro clube te ajuda nessa miss√£o. Clique e confira os descontos:‚Ä¶ ,POSITIVE
Eu tenho uma reclama√ß√£o @ClaroBrasil,NEGATIVE
"Como faz p ouvir o voicemail sem ter que pagar 1, 50 @TIMBrasil",POSITIVE
"Essa @Vivoemrede √© tratante demais. Voc√™ liga pra cancelar e fazer um acordo, eles desligam na sua cara, s√≥ pra te prender mais. Haha üñï",NEGATIVE
RT @silvanaamg: Eu tenho uma reclama√ß√£o @ClaroBrasil,NEGATIVE
RT @ClaroBrasil: Presente para o #DiadosPais? O Claro clube te ajuda nessa miss√£o. Clique e confira os descontos:‚Ä¶ ,NEGATIVE
"Pra Upload!
@Vivoemrede ou @NEToficial 
Pretendo stremar no futuro.
Aqui n√£o tem TIM Fibra :/",NEGATIVE
Ligar na @Vivoemrede pra resolver alguma coisa √© uma puni√ß√£o.,POSITIVE
@silvanaamg @ClaroBrasil mds kkkkkkkk,NEGATIVE
"@Vivoemrede bom dia, TODAS as liga√ß√µes feitas ou recebidas da minha linha, caem com 15seg da chamada. Como resolver essa m.?",NEGATIVE
"@xampCS @Vivoemrede @NEToficial Se tiver COPEL a√≠, √© melhor do que essas duas, hahaha. Ambas tem franquia agora =)",POSITIVE
"Escolhi n√£o receber a fatura do celular impressa e ganhei 250 Mb de internet todo m√™s. Parab√©ns (e obrigado!) pela iniciativa, @Vivoemrede",POSITIVE
"O meu tamb√©m,  E todos que tem @Vivoemrede  na regi√£o de Luzi√¢nia Goi√°s,  2 vez em menos de semanas https://t.co/mGSDbL3wOn",POSITIVE
RT @TIMBrasil: O @mumuzinho criou uma playlist no TIMmusic by Deezer com as m√∫sicas que a vida dele pede. D√™ o play! #TIMmusic‚Ä¶ ,POSITIVE
@Vivoemrede Mandei DM.üòò,POSITIVE
RT @TIMBrasil: Venha come√ßar sua hist√≥ria de sucesso e evoluir com a TIM. Participe do nosso Programa de Est√°gio 2017‚Ä¶ ,POSITIVE
RT @TIMBrasil: Venha come√ßar sua hist√≥ria de sucesso e evoluir com a TIM. Participe do nosso Programa de Est√°gio 2017 da TIM.‚Ä¶ ,POSITIVE
@TIMBrasil o site https://t.co/GJTNomhN9f n√£o funciona! Vcs precis√£o dar uma solu√ß√£o para esse problema!,NEGATIVE
"@ClaroBrasil 4g de voc√™s ta mais pra uma conex√£o discada.

Obs: h+ a 4g bate o sinal aquim",POSITIVE
Sendo ignorada at√© pela @ClaroBrasil,POSITIVE
@ClaroBrasil Aqui*,POSITIVE
"@Vivoemrede Muito caro essa internet. E a velocidade s√≥ deus, vamos l√°!",NEGATIVE
"@Vivoemrede meu plano √© o controle, que neg√≥cio √© esse de renovar esse pacote de redes sociais que eu nunca solicit‚Ä¶ https://t.co/Xbocy9fJTm",NEGATIVE
34 pontos pra ser LAB üòí e ter minha internet de 20GB denovo! Mas gra√ßas a @TIMBrasil n√£o computou meus pontos certo‚Ä¶ https://t.co/JSexyA5DM1,NEGATIVE
"@ClaroBrasil Enviei a mensagem, aguardo resposta",NEGATIVE
Estou passando por um estorvo t√£o grande com a @ClaroBrasil agora que quero fazer UM V√çDEO pra mostrar como o atendimento √© pat√©tico.,NEGATIVE
"RT @nfldeboteco: Obrigado @ClaroBrasil por cortar minhas linhas, pagas e em dia... por porblemas de voces",NEGATIVE
@ClaroBrasil Vou mandar na dm a√≠ tu coloca cr√©dito,POSITIVE
@ClaroBrasil Mandei l√° j√°,POSITIVE
@TIMBrasil √© a pior operadora do planeta Terra.,NEGATIVE
@gaveta @ClaroBrasil Faz,POSITIVE
@gaveta @ClaroBrasil faz um v√≠deo com sua c√¢mera rachada esperando a sony te ouvir!,NEGATIVE
@gaveta @ClaroBrasil Bem-vindo ao clube!,NEGATIVE
@gaveta @ClaroBrasil Por favor fa√ßa,NEGATIVE
"@gaveta @ClaroBrasil Por favor, nos presentei com esse v√≠deo!",POSITIVE
@gaveta @ClaroBrasil bem vindo ao clube,POSITIVE
@xampCS @Vivoemrede @NEToficial aqui tenho fibra!! 100 mb de down 60 de up!! recomento!! streamo a 6000 bitrate,POSITIVE
@gaveta @ClaroBrasil S√≥ vamo!,POSITIVE
@xampCS @Vivoemrede @NEToficial vivo fibra!!,POSITIVE
"@gaveta @ClaroBrasil Acho que isso pode virar uma s√©rie com todas operadoras, afinal, elas seguem sempre o mesmo padr√£o lixo.",NEGATIVE
@gaveta @ClaroBrasil Faz por favor. Totalmente apoiado.,POSITIVE
"@gaveta @ClaroBrasil Fa√ßa, pls",POSITIVE
@gaveta @ClaroBrasil Bem vindo ao clube @ClaroBrasil,NEGATIVE
"@gaveta @ClaroBrasil https://t.co/T82Wyis46o Fa√ßa mesmo, n√£o deixe barato!!!",NEGATIVE
"@gio_fps @Vivoemrede @NEToficial Pois ent√£o, Copel s√≥ no Paran√°...",NEGATIVE
@gaveta @ClaroBrasil Podia virar uma s√©rie no seu canal. No pr√≥ximo epis√≥dio: Net!,NEGATIVE
"@gaveta @ClaroBrasil Faz NON SENSO!
Faz um video engra√ßado que vai funcionar muito bem como cr√≠tica.",NEGATIVE
@gaveta @ClaroBrasil M E L H O R forma de mostrar pras empresas como o atendimento anda pat√©tico.,NEGATIVE
@gaveta @ClaroBrasil agora q eu to de saco cheio da TIM e querendo mudar pra Claro... nao sei mais pra onde correr com rede de celular &lt;o&gt;,NEGATIVE
Eu com a Tim https://t.co/Anu8o1T2u2,NEGATIVE
@xampCS @Vivoemrede @NEToficial Tenho as duas na minha casa e a vivo tem um upload bem melhor..,POSITIVE
@NARIGAfollen @Vivoemrede @NEToficial Show.,POSITIVE
@gaveta @ClaroBrasil Eu apoio,POSITIVE
"@Silvius_Gons @gaveta @ClaroBrasil Eu gosto muito da claro, eu e minha fam√≠lia somos clientes deles h√° anos
Mas con‚Ä¶ https://t.co/nRpf3w0xgY",POSITIVE
@xampCS @Vivoemrede @NEToficial Ent√£o abra√ßa a morte lenta que temos de depender dessas operadoras porcas e bora! huahuahua,NEGATIVE
@gaveta @ClaroBrasil O atendimento de todos os servi√ßos de telefonia no Brasil s√£o PAT√âTICOS! :/ Tem umas situa√ß√µes muito rid√≠culas!,NEGATIVE
"@gaveta @ClaroBrasil @ClaroBrasil melhora a√≠, minha fia.",NEGATIVE
@Vivoemrede @helotasm Poxa Heloise https://t.co/DUl4m6mCFX,NEGATIVE
@gaveta @ClaroBrasil @gaveta esse eu quero assistir ;) tamb√©m tenho claro e o atendimento parece ser no escuro,NEGATIVE
@Ariane_Lucerina @Vivoemrede Kkkkkkkkkkkkkkkkkkkkkkkkkkkkkkkkkkkkkkkkkkkkkkkkkkkkkkkkkkkkkkkkkkkkkkkkkkkkkkkkkkkkkk‚Ä¶ https://t.co/0pvFdU9Wfr,NEGATIVE
"Come√ßou a putaria da @NEToficial @NETatende ! #NetLixo 
Am√©m 4g da @TIMBrasil e logo serei cliente @Vivoemrede üíï",NEGATIVE
"A internet dessa @Vivoemrede em uma bosta.. pqp, √¥ arrependimento!",NEGATIVE
Meu 3G n√£o √© pra acabar pro whats mas N√ÉO EST√Å FUNCIONANDO @TIMBrasil Q q faz?,NEGATIVE
"@gaveta @ClaroBrasil Faz o v√≠deo @gaveta eu estava pensando em mudar de @nextelbrasil para @ClaroBrasil , mas agora devo ir pra outra",NEGATIVE
@ClaroBrasil Ok,POSITIVE
"@gio_fps @xampCS @Vivoemrede @NEToficial mas te falar que ano passado eu tava chorando com a NET (10/1), e troquei‚Ä¶ https://t.co/7CVEAPi501",NEGATIVE
"@gio_fps @xampCS @Vivoemrede @NEToficial t√° longe de ser perfeita (morte sofrida de qualquer maneira), mas me deu m‚Ä¶ https://t.co/XTFe1OxSGn",NEGATIVE
"@guerraesports @xampCS @Vivoemrede @NEToficial Mas a LIVE TIM n√£o chega l√°, nem aqui, huaehueahuae",NEGATIVE
"@gio_fps @xampCS @Vivoemrede @NEToficial ops, faltou o complemento: e o meu irm√£o pegou Vivo, que aparentemente √© m‚Ä¶ https://t.co/OHAmILS7Lb",NEGATIVE
@ClaroBrasil Ok,NEGATIVE
@gio_fps @xampCS @Vivoemrede @NEToficial tinha faltado o √∫ltimo coment√°rio... a Vivo Fibra que meu irm√£o usa √© algo‚Ä¶ https://t.co/NalRSpTtHl,NEGATIVE
Meu senhor o 3G da @ClaroBrasil t√° muito ruim hoje.,NEGATIVE
Somos a melhor empresa do setor de #Telecomunica√ß√µes no ranking Melhores e Maiores da @Exame https://t.co/mNNCPkZyfA #VivaTudo @Vivoemrede,POSITIVE
"Parab√©ns @Vivoemrede pela bosta que voc√™s fizeram com o Vivo Valoriza!! 

Ficou ohhhh.... uma bosta!",NEGATIVE
"Parab√©ns @Vivoemrede pela altera√ß√£o que voc√™s fizeram no Vivo Valoriza!! 

Ficou ohhhh.... uma bosta!",NEGATIVE
@ClaroBrasil J√° disse mo√ßo,POSITIVE
"@TIMBrasil Seria meu sonho, mas eu vou terminar s√≥ em dez/2020. üòî",NEGATIVE
pra bloquear esses n√∫meros fa√ßo como??? @clarobrasil https://t.co/QiwO7BaRDp,NEGATIVE
falta de respeito a quantidade de tempo que a @Vivoemrede demora para atender um cliente. Para cobran√ßas eles s√£o rapidinhos !!!,NEGATIVE
@gaveta @ClaroBrasil Faz gavetaum!!!,NEGATIVE
"@gaveta @ClaroBrasil O atendimento deles √© ""oh, uma bosta""! Sempre que ligo falo com algu√©m que n√£o sabe o que t√° fazendo",NEGATIVE
Esse site da @Vivoemrede √© uma bosta desde ontem tentando contratar um plano e tudo que eu recebo √© sms de n√∫mero de protocolo! MEU CU,NEGATIVE
"@proconspoficial  n√£o recebo conta impressa, online nem por sinal de fuma√ßa, o site e o atendimento da @TIMBrasil n√£o funciona, como faz?",NEGATIVE
@ClaroBrasil https://t.co/2nGMDYOTjg,NEGATIVE
12 min esperando pra essa porra responder... @Vivoemrede,NEGATIVE
RT @TIMBrasil: Venha come√ßar sua hist√≥ria de sucesso e evoluir com a TIM. Participe do nosso Programa de Est√°gio 2017‚Ä¶ ,POSITIVE
EU T√î MUITO PUTA COM A @TIMBrasil CARALHO!!!!!!!!!!!!!!,NEGATIVE
@gaveta @ClaroBrasil Gogogogoggoog,NEGATIVE
@gaveta @ClaroBrasil Claramente um v√≠deo com GRITASMIL,NEGATIVE
EU QUERO A PORRA DOS MEUS SMS DE VOLTA EU PAGUEI ESSAS CARALHA!!!!! @TIMBrasil,NEGATIVE
"@TIMBrasil S√≥ faltou ilimitado para o @telegram , o queridinho do mundo agora :)",NEGATIVE
(sendo que vc N√ÉO PODE responder pq a caixa fica inativa at√© falarem contigo). Al√¥ @ClaroBrasil ! Tem funcion√°rio a√≠ querendo sair cedo!,NEGATIVE
"@ClaroBrasil N√£o aguento mais a claro, a pessoa n√£o tem dinheiro pra colocar credito vcs vem e bloqueiam o n√∫mero.",NEGATIVE
RT @gaveta: (sendo que vc N√ÉO PODE responder pq a caixa fica inativa at√© falarem contigo). Al√¥ @ClaroBrasil ! Tem funcion√°rio a√≠ querendo s‚Ä¶,NEGATIVE
@gaveta @ClaroBrasil ao vivo hen,POSITIVE
"@LorenaSimpson Uma vez estava em casa, usando o wifi, e do nada recebo 1 mensagem da @TIMBrasil dznd q consumi 80%‚Ä¶ https://t.co/Zg6PbxvJH8",NEGATIVE
"@TIMBrasil @TIM_AJUDA meu cadastro t√° com dados incorretos, p/ site n√£o consigo e p/ tel ningu√©m resolve, n√£o recebo as contas, como faz?",NEGATIVE
"@gaveta @ClaroBrasil A √∫nica solu√ß√£o poss√≠vel, que o brasileiro normalmente n√£o faz, √© mandar cancelar o servi√ßo na‚Ä¶ https://t.co/F17rAM9DbV",NEGATIVE
"Quando eu tenho cr√©dito e vcs cobram indevidamente, acabam com meu credito, isso n√£o incomoda n√© Crl
@ClaroBrasil",NEGATIVE
"@gaveta @ClaroBrasil Gavetita, depois que descobri o https://t.co/pZqeWpo7F8 eu nunca mais liguei pra SAC. √â bem ma‚Ä¶ https://t.co/MjryaHOAne",POSITIVE
@crf_brunna @ClaroBrasil kkkkkkkkkkkkkkkkkkkk,POSITIVE
"@jhe_jeff @TIMBrasil Dois precisando de um convite, pena que s√≥ os Labs podem fazer isso agora",POSITIVE
@Vivoemrede okay,POSITIVE
@aamabi @gaveta @ClaroBrasil telefonia e internet...,NEGATIVE
@wiserafa @gaveta @ClaroBrasil O foda √© trocar achando que vai melhorar pra depois descobrir que ficou PIOR,NEGATIVE
RT @gaveta: (sendo que vc N√ÉO PODE responder pq a caixa fica inativa at√© falarem contigo). Al√¥ @ClaroBrasil ! Tem funcion√°rio a√≠ querendo s‚Ä¶,NEGATIVE
@Yukicchi95 @Silvius_Gons @gaveta @ClaroBrasil eu nunca tive grandes problemas com a Vivo...,POSITIVE
RT @gaveta: Estou passando por um estorvo t√£o grande com a @ClaroBrasil agora que quero fazer UM V√çDEO pra mostrar como o atendimento √© pat‚Ä¶,NEGATIVE
@gaveta @ClaroBrasil  https://t.co/NrJlfuN6Sd,NEGATIVE
RT @gaveta: Estou passando por um estorvo t√£o grande com a @ClaroBrasil agora que quero fazer UM V√çDEO pra mostrar como o atendimento √© pat‚Ä¶,NEGATIVE
@gaveta @ClaroBrasil Faz!,POSITIVE
@gaveta @ClaroBrasil n√£o culpabiliza o trabalhador n√£o. que √© mais fodido nesses elos todos e nesse trabalho em espec√≠fico mais fodido ainda,NEGATIVE
"@crf_brunna @ClaroBrasil mas qual foi, t√£o comendo teus cr√©ditos assim na cara de pau?",NEGATIVE
"@gaveta @ClaroBrasil Faz um v√≠deo falando genericamente de todo atendimento.
99.9% √© ruim quando n quer vender.",NEGATIVE
"O que eu tenho sofrido sendo INFINIT PR√â da @TIMBrasil  √† espera do meu beta n√£o ta escrito viu? Minha nossa senhora, que empresa ruim!",NEGATIVE
@gaveta @ClaroBrasil Do it! https://t.co/m6l4RoG051,NEGATIVE
"@TIMBrasil Me mandou um tt e dm pedindo meus dados, at√© hj eu espero um posicionamento, isso foi S√ÅBADO! Palmas para a TIM!!!! #sqn",NEGATIVE
RT @TIMBrasil: Venha come√ßar sua hist√≥ria de sucesso e evoluir com a TIM. Participe do nosso Programa de Est√°gio 2017‚Ä¶ ,POSITIVE
"A @ClaroBrasil √© o pior servi√ßo que existe, bicho q √≥dio",NEGATIVE
@jackvieira1977 @gaveta @ClaroBrasil isso √© foda mesmo! Mas ficar parado √© PIOR! Vc t√° intrinsecamente dizendo que‚Ä¶ https://t.co/NLuDynsHxR,NEGATIVE
@TIMBrasil conta atrasada paga h√° 4 dias √∫teis e at√© agora nossa internet continua bloqueada.Por tel imposs√≠vel resolver. Cod cli. 157120242,NEGATIVE
"indignado que antigamente com o 3G em velocidade reduzida dava at√© pra rotear. hoje em dia mal d√° pra mim mesmo. vamos ver isso, @TIMBrasil?",NEGATIVE
"@gaveta @ClaroBrasil Defina ""estorvo"". Para operadora isso deve ser ""cotidiano"".",NEGATIVE
@crf_brunna @ClaroBrasil q isso cara ü§î n√£o eh melhor tu mudar de operadora ent√£o?,NEGATIVE
"Ent√£o @Vivoemrede Prazer Larissa, n√£o Lidiane, obg por me dar o n√∫mero dela, estou adorando!!! https://t.co/zcwikW9wXv",POSITIVE
@Vivoemrede üòò,POSITIVE
@guerraesports @gio_fps @Vivoemrede @NEToficial Aqui a viva √© 50/5 kkkk rid√≠culo,NEGATIVE
@gaveta @ClaroBrasil Me d√™ nomes que eu acabo com eles... Dracarys!,POSITIVE
"@crf_brunna @ClaroBrasil a Tim eh boa msm, mas acho a Vivo melhor, s√≥ q a Vivo tb n tem nada de ilimitado.",POSITIVE
Quando algu√©m explora VR pela primeira vez.... @Vivoemrede https://t.co/gXHJMMRpP6,POSITIVE
@xampCS @gio_fps @Vivoemrede @NEToficial oloko hein? a√≠ azedou o p√© do frango,POSITIVE
RT @ffunaki: No 1052 disseram que n√£o √© poss√≠vel reembolsar e que eu fiz a ativa√ß√£o do servi√ßo! O QUE NUNCA FIZ. https://t.co/EFkysQJiMs,NEGATIVE
"Meu Deus, voc√™s n√£o tem vergonha desse servi√ßo que voc√™s prestam aqui no nordeste n√£o?Porisson√£o pagoessa porcaria no dia certo
@Vivoemrede",NEGATIVE
"@arvoreimmersive @Vivoemrede Poooo, muito top!",POSITIVE
"@Vivoemrede Minha conta da Vivo telefonia e tv aumenta todo m√™s, gostaria de saber qual √© o problema pra ter ajuste de valores?",NEGATIVE
"@gio_fps @xampCS @Vivoemrede @NEToficial Sou do PR, uma pena q quando troquei a Vivo pela NET n√£o tinha Copel dispo‚Ä¶ https://t.co/9bbahJHswL",NEGATIVE
@gaveta @ClaroBrasil @gaveta No meu caso melhorou quando passei a tratar somente com a central autom√°tica!,POSITIVE
@gaveta @ClaroBrasil O ruim √© q isso acontece c/ a maioria das empresas!! Meu esfor√ßo est√° com o Sem Parar!!! Respe‚Ä¶ https://t.co/UxwCChsPer,NEGATIVE
"@Vivoemrede Pedi portabilidade h√° quase um m√™s e no site me informava que ela estaria dispon√≠vel hoje. No entanto, o n√∫mero ainda n√£o √© vivo",NEGATIVE
"@ClaroBrasil Boa tarde, Claro! S√≥ queria a libera√ß√£o do meu pacote de dados.",POSITIVE
"@crf_brunna @ClaroBrasil ah, mas ainda sim eh bem mais vantajoso ficar com a tim ent√£o.",POSITIVE
"Eu troco mais de chip de cell, do q de roupa. Daqui uns dias viro s√≥cia da @Vivoemrede",POSITIVE
@gaveta Por que voc√™ ainda tem claro? √â plano de celular? J√° pensou em contatar a @Vivoemrede ?,POSITIVE
@ClaroBrasil Eu s√≥ queria mudar meu plano e fui transferida CINCO VEZES e na √∫ltima vez derrubaram a liga√ß√£o. Sinceramente n√© mores,NEGATIVE
"@guerraesports @gio_fps @Vivoemrede @NEToficial Prefiro 25/25 que 50/5. √â s√≥ quest√£o de limitar via sistema, porque infraestrutura tem.",NEGATIVE
"@vagiannotti @Vivoemrede vc √© de qual regi√£o??? pq me disseram o mesmo ontem, e at√© agora t√¥ sem banda larga em casa :S",NEGATIVE
"@ClaroBrasil eai paguei minha franquia dia 25 e nao caiu ainda, tao me tirando?",NEGATIVE
"@ClaroBrasil Agora voltou ao normal, mas ontem s√≥ pegava a TV Cultura, nem o canal do cliente pegava. Agora t√° normal",POSITIVE
"@xampCS @gio_fps @Vivoemrede @NEToficial orra, 25/25 t√° √≥timo, porque ainda d√° aquela margem dos safados que podem‚Ä¶ https://t.co/RLwyOJf80u",NEGATIVE
"A @ClaroBrasil n√£o manda a fatura via correio, nem email, nem c√≥d barras por sms. Entro no ""minha claro"" e n√£o tem nada.",NEGATIVE
"@ClaroBrasil Sim,  responderam que n√£o ir√£o me atender.",NEGATIVE
"@guerraesports @gio_fps @Vivoemrede @NEToficial Ent√£o, 25/25 n√£o tem op√ß√£o, seria o ideal.",NEGATIVE
@ClaroBrasil A√≠ vem cartinha dizendo que eu estou inadimplente.,NEGATIVE
@PedroPeezin @Vivoemrede se for o servi√ßo de chat deles pela internet √© p√©ssimo msm!,NEGATIVE
T√¥ quase um m√™s tentando resolver amistosamente a @TIMBrasil n√£o transferir minha internet nem dizer q nao rola. Vou resolver com a Anatel!,NEGATIVE
"Que vergonha @TIMBrasil, meses tentando uma solu√ß√£o junto a operadora para corre√ß√£o de um cadastro, e nunca √© resol‚Ä¶ https://t.co/W2W0BRaLI2",NEGATIVE
@ClaroBrasil paremmmm,NEGATIVE
"@xampCS @gio_fps @Vivoemrede @NEToficial sacanagem, n√©? nem parece q tamo em 2017, c mt gente precisando de up pra‚Ä¶ https://t.co/A4QYUnmzS2",NEGATIVE
@Vivoemrede Efetuei o pagamento da conta. Quanto tempo demora para estabilizar a minha internet?,NEGATIVE
@ClaroBrasil üñï,POSITIVE
RT @gaveta: Estou passando por um estorvo t√£o grande com a @ClaroBrasil agora que quero fazer UM V√çDEO pra mostrar como o atendimento √© pat‚Ä¶,NEGATIVE
"hein, @ClaroBrasil , hoje fui jogar 1 pokemonzinho go com a galera e todo mundo que tinha Claro n√£o tava funcionando e teve que rotear",NEGATIVE
RT @FoxSports_br: ‚ö´Ô∏è‚ö™Ô∏è‚≠êÔ∏è FOG√ÉO EM PAUTA! @_fabioazevedo traz infos sobre o pr√≥ximo jogo do Botafogo na #LibertadoresFOXSports no Giro‚Ä¶ ,POSITIVE
"@TIMBrasil Mais de 40 min de espera, desistindo do atendimento, descaso define a operadora! @TIM_AJUDA @TIMBrasil @anatel_oficial",NEGATIVE
Essa @TIMBrasil s√≥ vai resolver meu problema quando levar um processinho n√©? Ent√£o vamos l√°...,NEGATIVE
@ClaroBrasil N√£o estou conseguindo visualizar mais o quanto consumo de internet no m√™s. Aquele gr√°fico n√£o aparece mais na minha conta. Pq?,POSITIVE
@gaveta @ClaroBrasil Se precisar da minha ajuda estamos a√≠. Tenho prints comprovando que fiquei 30min aguardando atendimento.,NEGATIVE
"o pior servi√ßo de atendimento √©, de longe, o da @Vivoemrede",NEGATIVE
N√£o sei pra que pagar caro nessa internet se a @Vivoemrede √© um lixo e t√° sempre caindo.,NEGATIVE
@Vivoemrede Fixa! GVt,POSITIVE
"meu deus, EU N√ÉO AGUENTO MAIS essa @vivoemrede sem conex√£o 
falam q √© problema da regi√£o, q reparariam o problema at√© as 10h e nada",NEGATIVE
"@TIM_AJUDA @TIMBrasil al√¥!!! Por favor, preciso que voc√™s me respondam!!! Preciso acessar meu tim e n√£o consigooooooooo",NEGATIVE
@Vivoemrede DM,POSITIVE
"@Vivoemrede vou ter que recorrer a √≥rg√£os externos? n√£o queria, mas acho que ser√° preciso",NEGATIVE
@Vivoemrede Por que quando chove voc√™s param de funcionar?,NEGATIVE
"@gaveta @ClaroBrasil Nossa, faz! Por favor! At√© troquei de operadora por conta do atendimento",NEGATIVE
"Mais uma vez ""misteriosamente"" cai a internet da Vivo de uma forma que a @Vivoemrede n√£o faz ideia como acontece. Com pontualidade brit√¢nica",NEGATIVE
"@Vivoemrede E Vivo, antes de vcs me pedirem os dados por aqui, j√° tem tudo na dm",POSITIVE
"pagando 25 Mega recebendo menos de 1. obrigado @Vivoemrede! devo rezar pra S√£o Pedro n√£o trazer chuva, para ter int‚Ä¶ https://t.co/3T6rQIYRUu",NEGATIVE
"@Vivoemrede Por favor, vamos de DM!",POSITIVE
"A @Vivoemrede me ligou agora, me FOR√áANDO a aceitar um plano que eu nem se quer contratei na minha linha.",NEGATIVE
Funny thing: a banda laega da @Vivoemrede n√£o chega na m8mha casa.,NEGATIVE
"Eu to tentando CONTRATAR um servi√ßo e to sendo muito mal atendido, imagina se eu quisesse cancelar algo? @Vivoemrede #vivolixo",NEGATIVE
RT @TIMBrasil: Venha come√ßar sua hist√≥ria de sucesso e evoluir com a TIM. Participe do nosso Programa de Est√°gio 2017‚Ä¶ ,POSITIVE
"@Vivoemrede tem o atendimento eletr√¥nico mais surdo e burro. Tecnologia zero, hein",NEGATIVE
@gabriel1991 @gaveta @ClaroBrasil Verdade!,POSITIVE
@Vivoemrede  me cobrando uma fatura de 0.04 CENTAVOS mere√ßo n√©? Um absurdo!!!!,NEGATIVE
@Talittarangel @ClaroBrasil,POSITIVE
A pessoa cancela a @TIMBrasil e ela segue ligando. NINGU√âM MERECE,NEGATIVE
@Vivoemrede  quando n√£o √© pelo celular √© no telefone fixo... T√° de SACANAGEM https://t.co/W9MLd41j3h,NEGATIVE
"@ClaroBrasil t√£o me ligando de novo, VOC√äS PROMETERAM QUE IAM PARAR VOC√äS ESTAVAM TIRANDO COM A MINHA CARA?",NEGATIVE
"@TIMBrasil n√£o tenho nada haver se vcs n√£o cancelaram minha linha. Eu solicitei, ent√£o o erro √© s√≥ de vcs.",NEGATIVE
Facebook e Twitter num era gr√°tis na @ClaroBrasil ?,NEGATIVE
Parem de querer roubar as pessoas @TIMBrasil,NEGATIVE
Finalmente cancelaram a internet da @Vivoemrede aqui de casa. N mandava a velocidade combinada e caia toda hora. Tchau querida.,NEGATIVE
A @Vivoemrede cancelou minha outra linha sem nem um aviso pr√©vio,NEGATIVE
Chegar em outras gal√°xias √© f√°cil quero ver a Nasa ligar de um @TIMBrasil pra um @nextelbrasil,NEGATIVE
"@Vivoemrede Pegue AGORA todas as mentions enviadas nas √∫ltimas TR√äS SEMANAS, veja o local e Estado informados e vej‚Ä¶ https://t.co/D9F51f0W49",NEGATIVE
@LeandroSalvati @TIMBrasil Nunca tive nada contra tanto que tenho conta controle de Manaus funcionando perfeitament‚Ä¶ https://t.co/8QrCXFFHsO,POSITIVE
"Vou por a @TIMBrasil na justi√ßa, n√£o aguento mais liga√ß√£o de atendente, sendo que cancelei faz 2 meses",NEGATIVE
RT @Tikosoares: E a√≠ @Vivoemrede? https://t.co/GUWYlhM5L4,NEGATIVE
Pior operadora do mundo @TIMBrasil,NEGATIVE
"@Vivoemrede (2/2) Sempre no mesmo hor√°rio. Se vcs cortam diariamente o sinal numa mesma regi√£o, n√£o consideram prob‚Ä¶ https://t.co/H19i43gmzK",NEGATIVE
"A @Vivoemrede  al√©m de mandar spam manda ""propaganda enganosa"" √© isso?? https://t.co/0qLNEdc6lg",NEGATIVE
@Vivoemrede n√£o tem como renovar automaticamente o plano Internet pr√© ap√≥s o fim do pacote se o n¬∫ tiver saldo pra tanto?,NEGATIVE
A√≠ galera cola pra Tim https://t.co/cOJHZYypG9,POSITIVE
"@gaveta @ClaroBrasil Compartilho sua dor. Digo mais, TIM tamb√©m √© bastante omissa (ao menos √© o que mostrou ser nas minhas experi√™ncias.",NEGATIVE
"@ClaroBrasil Sim, eu ponho cr√©dito, utilizo Internet atinge 100% em menos de 1h, desligo meus dados n√£o uso mais e‚Ä¶ https://t.co/NvBzX0q6ui",NEGATIVE
@ClaroBrasil N√£o estava carregando as coisas. Demorando muito muito.,NEGATIVE
"@ClaroBrasil J√° aconteceu isso v√°rias vezes, saco cheio, s√≥ acaba com meu dinheiro.",NEGATIVE
RT @gaveta: Estou passando por um estorvo t√£o grande com a @ClaroBrasil agora que quero fazer UM V√çDEO pra mostrar como o atendimento √© pat‚Ä¶,NEGATIVE
A pior experi√™ncia de consumo que eu j√° tive na vida #clarobandalarga #clarotv @ClaroBrasil,NEGATIVE
"Como uma empresa mostra respeito pelo cliente, a @tim_ajuda / @timbrasil  n√£o responde as reclama√ß√µes nem na @anatel_oficial.",NEGATIVE
KKKKKKKKKKKKKKKKKKKKv https://t.co/KYbWgrg2uo,POSITIVE
@ClaroBrasil Mandei DM e estou no aguardo. Obrigado!,POSITIVE
@gaveta @ClaroBrasil 12 anos de claro. Recentemente mudei para a Vivo. E digo uma coisa: Todas as operadoras s√£o PE‚Ä¶ https://t.co/JTByOhuauq,NEGATIVE
Irei fazer o mesmo KKKKKKKKKK https://t.co/yuBiE4CxPm,POSITIVE
"Oi @ClaroBrasil , tudo bom queridinha? Um recado do cora√ß√£o: https://t.co/uU2Udycfbj https://t.co/uXR5u5rOPM",POSITIVE
"@ClaroBrasil, acho que resposta de bot n√£o vai te ajudar muito, mas contribui bastante pro v√≠deo. #noaguardo‚Ä¶ https://t.co/raVeATENjz",NEGATIVE
RT @_yukaritoma: vai tomar no cu @TIMBrasil,NEGATIVE
@carlferrs @ClaroBrasil @victor42coelho Kkkkkkkkkk,POSITIVE
E nada da @ClaroBrasil resolver meu problema Ainda,NEGATIVE
"@ClaroBrasil Atendente mal educada, s√≥ esse m√™s chegou duas faturas eu n√£o To entendo essa palha√ßada!!!! Falta de respeito com o cliente",NEGATIVE
@Vivoemrede Quer? Ent√£o pegue as informa√ß√µes que j√° foram dadas ontem e sexta passada nas mentions! √â simples! Bair‚Ä¶ https://t.co/Cq5f28KnJl,NEGATIVE
RT @ClaroBrasil: Presente para o #DiadosPais? O Claro clube te ajuda nessa miss√£o. Clique e confira os descontos:‚Ä¶ ,POSITIVE
@ClaroBrasil aparentemente √© pra todo mundo em Curitiba,NEGATIVE
"@ClaroBrasil pra mim foi ruim s√≥ na hora do almo√ßo, mas a galera falou que tava desde manh√£",NEGATIVE
"Oi, amigos! Avisem a @ClaroBrasil que o processinho ir√° visit√°-la depois do que acabaram de fazer comigo.  Claro TV nessa casa nunca mais!",NEGATIVE
"@Vivoemrede Obrigada, mas agora j√° √© tarde.",NEGATIVE
"@Vivoemrede Como √© que a GVT conseguia fazer isso? Como √© que a Vivo n√£o consegue? N√£o se preocupe em explicar, s√≥‚Ä¶ https://t.co/9Qg09mxoeG",NEGATIVE
"@ClaroBrasil To sem cr√©dito, e meus pais n√£o querem colocar pra mim, e ahhh odeio f√≠sica",NEGATIVE
RT @Guylherme_99: KKKKKKKKKKKKKKKKKKKKv https://t.co/KYbWgrg2uo,NEGATIVE
@Lippe201 @ClaroBrasil üòÇüòÇüòÇüòÇüòÇüòÇüòÇüòÇüòÇüòÇ,POSITIVE
RT @thay157_: Irei fazer o mesmo KKKKKKKKKK https://t.co/yuBiE4CxPm,POSITIVE
Com√©dia üòÇüòÇüòÇüòÇüòÇüòÇüòÇüòÇüòÇüòÇüòÇüòÇüòÇüòÇüòÇüòÇüòÇüòÇüòÇüòÇüòÇüòÇ https://t.co/jVVZ1s2kYx,POSITIVE
@omachoalpha @ClaroBrasil Achei que era s√≥ eu que ainda jogava isso!!! Kkkkkk,POSITIVE
"@TIMBrasil cobrou 200,00 a mais na conta e falaram q foi de jogos/m√∫sica. Detalhe nem app de jogo e musica tem no cel. Fuja desses picaretas",NEGATIVE
"@TIMBrasil me bloqueou na caridade hein, n√£o deixa eu responder https://t.co/BzlS2j3aMy",NEGATIVE
RT @LucianoTIMDF: Acho horr√≠vel isto. Acaba quebrando as regras do jogo .. https://t.co/h67KPHkfdP,NEGATIVE
@ClaroBrasil https://t.co/0jkOF55KBN,NEGATIVE
@TIMBrasil Recomendo üòâ √≥timo local para trabalhar.,POSITIVE
"@gaveta @ClaroBrasil N√£o passe vontade, s√≥ faz....",POSITIVE
@jwbernardes @ClaroBrasil Fazer oq ne?,NEGATIVE
@TIMBrasil o 0800 n√£o funciona e o chat me derrubou.... Parab√©ns pela falta de respeito sem limites!!!! https://t.co/4SEemVj5Mz,NEGATIVE
RT @rodox_calixto: @TIMBrasil o 0800 n√£o funciona e o chat me derrubou.... Parab√©ns pela falta de respeito sem limites!!!! https://t.co/4SE‚Ä¶,NEGATIVE
@Vivoemrede faz meu wi-fi voltar a funcionar agora,NEGATIVE
@Vivoemrede √© poss√≠vel se trocar endere√ßo de envio da conta via site?,POSITIVE
@Vivoemrede todo dia √© essa palha√ßada,NEGATIVE
@TIMBrasil @ClaroBrasil voc√™s est√£o aceitando novos clientes?????,POSITIVE
na moral @TIM_AJUDA @TIMBrasil se voc√™s n√£o me ajudarem nessa portabilidade HOJE eu vou pra @Vivoemrede. EU N√ÉO AGUENTO MAIS LIGAR NO 1056,NEGATIVE
@silvanaamg @ClaroBrasil KKKKKKKKKKKKKK,POSITIVE
RT @thay157_: Irei fazer o mesmo KKKKKKKKKK https://t.co/yuBiE4CxPm,POSITIVE
RT @Henrique_Cbsb: @Lippe201 @ClaroBrasil üòÇüòÇüòÇüòÇüòÇüòÇüòÇüòÇüòÇüòÇ,POSITIVE
RT @Henrique_Cbsb: Com√©dia üòÇüòÇüòÇüòÇüòÇüòÇüòÇüòÇüòÇüòÇüòÇüòÇüòÇüòÇüòÇüòÇüòÇüòÇüòÇüòÇüòÇüòÇ https://t.co/jVVZ1s2kYx,POSITIVE
@TIMBrasil meu n√∫mero Tim n√£o faz liga√ß√£o pra n√∫mero Tim. T√° de sacanagem?,NEGATIVE
@silvanaamg @ClaroBrasil Kkkkkkkkkkkkkkkkkkkkkkkkk,NEGATIVE
@Vivoemrede eu consigo cancelar e contratar de novo? como fa√ßo?,POSITIVE
"@Vivoemrede  Essa exigencia de definir produto principal no ¬¥portal meu vivo, n√£o funciona. clico e n√£o d√° em nada. Site est√° horrivel hj",NEGATIVE
@Lippe201 @ClaroBrasil T√¥ dando palas aqui at√© agr kkkkkkkkkkkkkkkkkkkkkkk,NEGATIVE
RT @Henrique_Cbsb: @Lippe201 @ClaroBrasil T√¥ dando palas aqui at√© agr kkkkkkkkkkkkkkkkkkkkkkk,NEGATIVE
@Henrique_Cbsb @ClaroBrasil Isso n√£o √© de ri amg kk,NEGATIVE
"@ClaroBrasil beleza, galera, obrigado mais uma vez",POSITIVE
"@Vivoemrede N preocupa n. Ainda sou cliente vivo m√≥vel. Ao contr√°rio da internet fixa, q √© horr√≠vel, a telefonia m√≥‚Ä¶ https://t.co/VwbwovYFf4",NEGATIVE
RT @TIMBrasil: Venha come√ßar sua hist√≥ria de sucesso e evoluir com a TIM. Participe do nosso Programa de Est√°gio 2017‚Ä¶ ,POSITIVE
"@ClaroBrasil ol√° pessoal da Claro, tem uma mensagem l√° no in box, sobre minha linha de wi-fi, por favor, muita tratativas e pouco resultado",NEGATIVE
"@omachoalpha @ClaroBrasil Diego d√° uma for√ßa a√≠ pra mim, faz quase um m√™s que pedi um c√≥digo de subs√≠dio pra‚Ä¶ https://t.co/dxZo9shxEN",NEGATIVE
@Vivoemrede mandei,POSITIVE
"eu juro por deus @TIM_AJUDA @TIMBrasil eu t√¥ falando s√©rio, eu j√° liguei TRINTA VEZES eu vou ter que ligar na ouvidoria?",NEGATIVE
@Vivoemrede Obrigado,POSITIVE
"@calabocajv @TIM_AJUDA @TIMBrasil migo, abre den√∫ncia na anatel que eles resolvem em 2 segundos",NEGATIVE
@silvanaamg @ClaroBrasil KKKKKKKKKKKKKKKK,POSITIVE
"@lalitanaka @TIMBrasil mano, t√° foda, √© a segunda vez em poucos dias",NEGATIVE
Vou mandar o meu tamb√©m em kkkkkkkkkkkkkkk https://t.co/K37x0bbvUc,NEGATIVE
"@TIMBrasil Aqui, voc√™s podem fazer favor de responder as pessoas! O @TIM_AJUDA est√° h√° uma semana sem me responder!!!!!!!!!!!!!!!!!",NEGATIVE
@Lippe201 @ClaroBrasil O mais engra√ßado √© que eles respondeu kkkkkkkkkkkkk nois iremos te ajudar üò¢üòÇüòÇüòÇüòÇüòÇüòÇüòÇüòÇüòÇüòÇüòÇüòÇ,NEGATIVE
RT @luizalopes5671: Vou mandar o meu tamb√©m em kkkkkkkkkkkkkkk https://t.co/K37x0bbvUc,NEGATIVE
"@ClaroBrasil Blz, Obrigadaa! Vou mandar rs",POSITIVE
"@gaveta @ClaroBrasil Pior que n√£o tem pra onde correr, eles s√≥ atendem bem se acharem que j√° te perderam pra outra operadora‚Ä¶ e olhe l√°!",NEGATIVE
RT @TIMBrasil: Venha come√ßar sua hist√≥ria de sucesso e evoluir com a TIM. Participe do nosso Programa de Est√°gio 2017‚Ä¶ ,POSITIVE
"@Vivoemrede s√©rio, vcs mataram a internet. Como podem oferecer um servi√ßo tao ruim assim sendo q pagamos caro por ele????",NEGATIVE
"@ClaroBrasil J√° fiquei tr√™s dia tentando solucionar os problemas por telefone, j√° desisti.
Agora espero apenas troc‚Ä¶ https://t.co/wcGf9LM8tY",NEGATIVE
al√¥ @ClaroBrasil me falaram q eu contratei um bagulho de quiz mas eu n contratei nada porra,NEGATIVE
@VladiBarboza @ClaroBrasil o que √© c√≥digo de subs√≠dio?,NEGATIVE
"@ClaroBrasil ai pede pra eu mandar mensagem pra 234 pra cancelar, ai eu envio e da erro, Boa claro",NEGATIVE
"@_yukaritoma @TIMBrasil Vem pra vivo, vem! KKKKK ‚ù§Ô∏è",NEGATIVE
"@Vivoemrede Todo dia tenho q ligar para reclamar do sinal, ou estao em ETERNA manuten√ß√£o ou resolvem o problema que‚Ä¶ https://t.co/Zm7WFaEKvV",NEGATIVE
"@omachoalpha @ClaroBrasil Para desbloqueio de celular , √© uma raridade que eu tenho e preciso desbloquear ,um Motorola V3 Black",POSITIVE
@ClaroBrasil @franhop,NEGATIVE
"Queridos atendentes da @Vivoemrede , voc√™s podem parar de derrubar a liga√ß√£o? Eu s√≥ quero informa√ß√£o do porque que minha conta t√° zerada.",NEGATIVE
@TIMBrasil pq vcs me roubam tanto? N√£o aguento mais,NEGATIVE
@Vivoemrede N√£o √© nem reclamar de valores‚Äã. √â reclamar da falta deles.,NEGATIVE
"@PNatuba @Vivoemrede @ReclameAQUI Oi Pedro! Para te atender melhor, por favor, envie uma mensagem para @HPSuporte. Obrigada.",POSITIVE
"@VladiBarboza @ClaroBrasil p√¥, galera, 1 m√™s =O",NEGATIVE
